Genes,Ctrl_a,Ctrl_b,Ctrl_c,Ctrl_d
GENE1,806.804354347728,419.67287139592,593.985620795778,413.807363774365
GENE2,503.134497283004,797.646450198155,545.493702625789,377.077698116959
GENE3,404.396055300232,447.021316557368,424.530101932977,511.430292634614
GENE4,409.045090047837,794.361254364826,348.5564660976,705.316834764782
GENE5,364.512625527233,566.094910836863,412.085684426005,589.216359627817
GENE6,473.393830202166,572.526602717109,459.638115897292,436.279855987409
GENE7,778.102888729368,595.915667266124,479.940256221759,428.82225540403
GENE8,719.251702596386,441.12981400986,476.645472907102,385.934050066379
GENE9,403.669785166702,576.836495821063,408.79804979481,674.432767370608
GENE10,493.258386559163,647.337462481069,572.35803039009,369.908718807581
GENE11,720.625158502301,584.824324879337,456.224292711518,579.951855793798
GENE12,509.44229062143,306.16198809442,464.204803875579,704.328344588598
GENE13,402.190219130424,595.510519467978,689.342081991339,684.320882945022
GENE14,437.638309115626,778.706281184442,547.679673386423,354.118248168242
GENE15,546.172474363472,471.966425981805,648.206096840707,545.545441111763
GENE16,638.360574244699,711.062905090312,731.497943373914,552.50262276458
GENE17,659.752035427336,760.885143094142,710.17193059556,757.880368513222
GENE18,586.14525919561,423.559806988888,389.258511070305,377.932822378402
GENE19,483.601085125937,410.243203401982,431.752595979996,438.315933607791
GENE20,341.554168497637,753.563317587136,780.298878433247,507.362805736746
GENE21,485.071820872144,733.125211726307,506.156489771995,536.27040841095
GENE22,479.014378116641,474.795542924619,555.882364833303,464.179999942121
GENE23,511.092511264091,528.458364917178,606.737037244169,601.73223261295
GENE24,716.74173312908,766.934139072339,523.659971354298,537.727529418689
GENE25,793.260383120251,657.235686482028,801.016917643155,461.640729133378
GENE26,833.717208060929,614.613762914971,441.495319668119,398.526861286809
GENE27,529.66996640006,573.356349296241,470.638858639727,543.309114041434
GENE28,539.111621625843,502.229635989653,355.844082406789,693.377287638393
GENE29,494.789278274819,266.438492797561,736.405128370141,470.064549345911
GENE30,507.354145080046,363.192436008282,434.496208488763,328.404379858255
GENE31,561.956768503837,591.14721973601,574.065333451956,636.981932776065
GENE32,552.304726511435,479.27663140257,663.623460959131,571.441270126714
GENE33,548.809576632104,487.504423958347,472.115636760503,525.661194352186
GENE34,683.202676156719,698.23525475855,726.516221282498,561.718997730254
GENE35,569.636689941918,591.851722765799,390.101926822549,309.248871564018
GENE36,692.710733766302,549.477185297486,517.431585108458,504.571582297753
GENE37,616.762919083252,362.461334312322,666.982087456209,619.468663465309
GENE38,551.582926915554,798.200011923866,213.157430840736,496.918677790504
GENE39,628.213397941736,665.713168152436,505.121622989094,486.99751274022
GENE40,516.593792403106,435.454418557779,598.52301295671,520.272696264973
GENE41,767.162605440006,909.495707991434,533.389381989287,524.87989814321
GENE42,764.71908277987,284.690679892944,583.351757202113,506.757356466221
GENE43,520.047367883654,680.578608175846,627.320919293892,592.588294256041
GENE44,500.912561682616,521.325935737198,559.138456790793,422.358210588265
GENE45,467.418639228663,412.340198309727,467.759046207576,588.853891526262
GENE46,748.222763687048,514.853153134491,556.606657260095,418.427773841207
GENE47,676.883148606408,461.547834034411,651.754494377641,501.590833870092
GENE48,657.748933232987,533.509346319342,656.694839313255,565.782439817849
GENE49,482.210668519825,567.319059061901,313.94161525985,414.714716022211
GENE50,581.369279179789,379.076053664129,628.093808605115,667.911304219552
GENE51,433.983770508996,671.180525472502,558.221629111707,569.402674721673
GENE52,650.870420683441,592.312919066183,417.194880238673,740.353403358467
GENE53,721.530281386334,895.275057676229,523.448929117125,694.206316376948
GENE54,392.782875789683,696.775933762358,677.266115219122,756.993955914448
GENE55,586.273382699293,518.484783749374,486.390071291084,450.47805475113
GENE56,496.062170560916,618.863114506875,732.644101220791,616.728749939148
GENE57,421.030519822639,574.271507411588,592.509128001938,340.941197998381
GENE58,460.462105892697,284.496005920536,624.332786717056,620.960173303611
GENE59,647.34617360021,591.512927313341,448.978442422974,518.506074654315
GENE60,768.07510793039,625.915936145084,548.67186271968,388.710122445725
GENE61,699.489254925317,608.861669843442,531.140892687453,605.571717475924
GENE62,529.417352659783,455.282875784783,505.277702527363,358.644785383032
GENE63,433.056577983115,411.65514906139,395.419172912439,541.332105631565
GENE64,451.077728220399,444.96644625933,432.237618966086,583.402423016017
GENE65,437.083715344477,355.445797482581,445.754400347441,499.986889615984
GENE66,523.245619328813,739.776205333777,213.189984737101,390.84949671835
GENE67,433.608606875386,631.474379592836,493.927488046428,623.046830403408
GENE68,508.717362544697,570.877635240274,500.802054074837,573.389322472786
GENE69,723.825900938344,517.897679867183,668.582915318696,711.45917690321
GENE70,467.644837313621,702.544845746465,462.63398583523,716.979301742562
GENE71,769.49424164001,805.269833537591,581.357876476799,577.689866090203
GENE72,593.11847573121,631.639055040581,598.024575368057,308.664927105276
GENE73,485.45496711433,504.950400398941,674.225029061233,597.108866742179
GENE74,686.757538798307,625.845389382864,609.290453690004,681.435511758952
GENE75,401.410319017711,550.738758822944,601.203002146366,442.151327854989
GENE76,546.461400583438,734.107977943281,494.485775352103,714.465415385016
GENE77,336.553133691368,613.724109895978,584.209463501278,466.446325503178
GENE78,390.112292560579,790.892757829954,338.858174836711,440.337703525309
GENE79,511.845762386449,565.554563117071,563.790573234668,665.420941219409
GENE80,351.136121789892,438.361484204853,313.616762600247,624.476316518045
GENE81,625.224646546275,494.746995304767,463.615545350097,735.920925558545
GENE82,383.632180141995,645.433373144122,541.504106927447,586.153974046326
GENE83,675.441716273848,862.373273340024,588.924894835575,794.425311791635
GENE84,418.072463106392,388.40704827159,691.25663781999,446.742581953183
GENE85,346.246846907706,651.36859118446,489.600406150921,398.80716122222
GENE86,662.989188478295,574.62206292385,574.300060634063,680.169348402648
GENE87,727.273156972023,587.286376417864,478.508869591288,680.762893024466
GENE88,605.670718194096,601.412102138734,504.779896104694,518.961028995858
GENE89,538.89430856628,654.359367524178,338.876575214822,858.075465341168
GENE90,596.983839218316,501.723360214355,641.120764633725,930.587645069524
GENE91,567.141225432726,665.001028687055,620.192521580397,731.795522948162
GENE92,564.670164016601,450.139277264575,632.04997897198,488.533758103337
GENE93,651.79853180704,288.865027973085,750.630952229014,637.813810118645
GENE94,739.47399488498,531.449504352437,440.520076082862,607.576930305797
GENE95,826.763341437207,564.445675584849,612.523691209314,658.161106443346
GENE96,609.968217985053,145.832526386606,471.764601567193,490.972890215881
GENE97,588.283258721411,665.667258628451,615.259816886189,594.078995948959
GENE98,724.929104978894,931.784684148691,525.69844383253,682.107833856557
GENE99,558.220994830415,736.525000617026,678.897162450933,488.628339584288
GENE100,554.306532859084,637.979759867398,514.40014211831,699.025790814704
GENE101,524.035755202114,507.219460278336,472.805815167596,395.27842460253
GENE102,492.334365204012,470.976588136266,740.335964408834,619.775265778954
GENE103,591.954079485744,508.340043782181,631.617331242431,526.725773974272
GENE104,507.024620609495,540.466607314251,834.026588402908,629.405827255124
GENE105,589.420295125315,584.976081242591,653.096715961232,368.26758075961
GENE106,653.03810169111,433.248976247737,612.436833072423,528.237013282879
GENE107,539.348078789465,378.916959628319,950.583686011617,568.975242179971
GENE108,485.897394698043,392.738017855528,413.736044661217,454.17670176039
GENE109,821.581756104963,358.161706714758,360.970131381426,804.37312473831
GENE110,224.7499097871,749.120985765952,524.34979285121,557.610790458809
GENE111,614.111003561625,645.129172759522,447.965567008144,398.782488888161
GENE112,591.945333738308,572.867615332047,526.238948929302,579.242486588076
GENE113,644.269397495734,435.43011379358,651.570277612815,481.385297406741
GENE114,602.627810271385,630.193092864604,593.498530321643,572.587610346184
GENE115,955.839370001455,925.949874022436,455.530945970976,523.790786403626
GENE116,425.821662862465,388.903439700784,456.015346123998,426.882669654298
GENE117,671.442887796128,381.501364589262,819.122340628736,628.635727817129
GENE118,479.687494770873,470.689419412852,625.241817034865,569.188500712949
GENE119,437.992709817909,587.415235508625,651.470829216513,635.784353587046
GENE120,488.359134169849,534.731121965961,663.254967200288,484.664878540018
GENE121,616.564141562635,378.217388372076,708.761929937782,657.757007051864
GENE122,645.671153200299,370.593856158361,753.917870124456,682.575781229327
GENE123,611.300213823752,600.748594848823,819.012505700845,393.72662376654
GENE124,471.53188564636,449.963552800284,317.647536992368,554.789947549924
GENE125,819.577904524241,718.161217189299,644.818215751287,452.567464204631
GENE126,579.349359363541,664.06793102427,464.485328813988,552.368754461846
GENE127,495.927928434334,505.481312394068,310.130792504931,429.851045928683
GENE128,663.371293817681,520.6272109459,532.634024564173,662.341755007762
GENE129,746.589845760659,577.442313689822,649.605123881538,637.235575759452
GENE130,510.977727380927,685.963746198146,723.789039048335,532.532500088612
GENE131,602.870511813986,606.705309281811,578.929193796204,376.605643318109
GENE132,364.137717352517,704.929891288656,339.633993279956,485.606878655643
GENE133,543.261498917622,681.817286774469,794.02292740756,678.472493787275
GENE134,534.001380894069,694.390666144509,490.556906476384,759.306800126535
GENE135,457.061043288302,343.983672039912,332.960067071498,455.867137514101
GENE136,450.801632524265,519.598702105981,493.360994856387,469.844284468994
GENE137,702.81601893425,839.341109979868,646.269424139015,629.295131612395
GENE138,362.811254232279,468.518341926054,630.557003897118,419.654035025816
GENE139,465.935195649418,619.38579405245,670.845823015828,750.872740854096
GENE140,578.431654275268,723.03887826309,672.471179669698,467.09115637197
GENE141,632.228580874912,599.933257948824,407.54520876423,548.305311098685
GENE142,875.490987342366,271.869148551326,461.363812634451,277.641833838487
GENE143,543.023893740398,753.192923135231,674.504355250698,517.328509378787
GENE144,575.613813732765,568.359051480766,681.160221620778,267.011943129445
GENE145,681.297384154393,378.163997523292,642.851821904735,695.354023756004
GENE146,670.604714696411,631.473725401673,502.232612690624,556.672365599061
GENE147,547.888553545492,607.128717205213,429.570508198281,509.695879928078
GENE148,527.600380065344,560.923873373572,683.361783057761,517.881833983694
GENE149,425.470043768385,306.091789980142,522.07300612187,422.603994950505
GENE150,674.403758755128,503.974957906076,545.095415706757,838.627854882935
GENE151,502.372202238268,393.749080759652,336.496722909727,352.677441201609
GENE152,583.678007552238,536.755233935722,675.332945764173,749.781040205018
GENE153,468.190349380446,506.683071635858,700.70217083515,625.6070500303
GENE154,353.918343015974,570.357604206469,518.668673326044,689.533892676208
GENE155,792.149378430178,561.519909053143,627.950726920147,400.426609194889
GENE156,727.947830586767,571.643043366378,674.719374746055,664.122277769044
GENE157,425.776897484003,382.99244427971,699.086584567691,521.136498225523
GENE158,605.482450784021,634.323059703721,602.486651832055,618.155097968257
GENE159,636.538983953786,661.054971428928,513.769626634289,846.29387098928
GENE160,659.603384671985,606.448775833921,609.021773111176,675.559173846847
GENE161,521.22091901588,433.560600406197,648.188864729613,644.59265559304
GENE162,629.613027263593,705.248496041109,458.23818129433,467.75111937875
GENE163,169.109464115335,600.248832284492,638.946015769946,801.82526292773
GENE164,606.53899190331,726.544104622725,375.86368344126,496.818484037113
GENE165,391.899315774613,677.328220655854,547.948060758829,707.185768961531
GENE166,564.662941742774,375.874111959745,590.950928524969,610.542678655066
GENE167,543.078437996318,527.735389732917,649.561825227651,555.163575473854
GENE168,614.665286889409,414.440003063021,637.099308016531,675.166478497318
GENE169,580.39882381578,682.929902218654,747.233021155718,372.85557571957
GENE170,704.16437854708,514.301605463045,561.998555757924,681.484631984086
GENE171,576.233814077452,407.391763896135,678.561161035938,655.547124211722
GENE172,488.418478009002,738.874851612405,880.433989530496,351.643809167952
GENE173,392.491359101747,459.968928754717,615.62445996932,591.12558935351
GENE174,519.533205146607,483.235338995602,322.392847832737,749.197426701585
GENE175,609.318849789915,328.176368447981,472.092248610868,386.78781069754
GENE176,541.763642318689,673.408187674562,746.477752780864,758.090352266975
GENE177,649.511278872879,562.853925409859,494.029657687179,542.189205577231
GENE178,569.520318824668,691.506526229702,313.912097879694,376.912306239692
GENE179,462.685105011051,774.12491519984,400.161420043626,473.181184654068
GENE180,570.321168923834,435.7706004109,700.429233263159,489.063115200963
GENE181,575.192958416371,788.443674025833,498.504809956868,545.944720289307
GENE182,581.684228217809,504.294773237708,752.973598690419,477.701506888681
GENE183,760.675661922724,616.331422968189,241.03678811351,389.36514043883
GENE184,662.725427246075,735.446081139082,539.116633909677,574.787319219826
GENE185,517.896934228482,580.65946101584,530.635969740671,709.937935252067
GENE186,604.979935752568,492.038852482891,509.87206081936,417.296372940614
GENE187,658.165858896187,571.234749080538,371.367016575487,409.611337278604
GENE188,769.432419870447,480.956872275895,518.966741950146,462.38864826244
GENE189,553.949472021138,754.022988663432,801.453866124475,521.370548530002
GENE190,749.359689843811,595.237035672985,524.748594718392,343.9805648966
GENE191,674.579369061251,604.807092914256,458.182369818557,520.799614819943
GENE192,695.589815195329,548.02583103946,453.950118782008,279.119688087164
GENE193,613.432947737278,563.493528175871,392.854468573448,340.930911389696
GENE194,634.401383563649,468.604618194396,597.907636004857,474.979547138839
GENE195,717.952279500424,654.628449713335,377.53858139066,643.755251341556
GENE196,463.892806523396,590.516684672256,415.601099016263,474.262538160589
GENE197,766.600591712095,646.929853484389,610.56866023638,704.546288853226
GENE198,629.881845403178,445.760138757088,822.177838429857,329.803519322422
GENE199,290.355107285633,756.965971682074,584.29282991322,347.079892347787
GENE200,469.545383181707,818.70087603757,316.049839864893,841.881707258687
GENE201,499.345368905865,441.157189236245,505.532244079243,664.942174291549
GENE202,605.772195075895,548.750100349362,551.215600297794,733.771288761305
GENE203,524.763108993709,736.188599672926,352.043441601169,428.089801675441
GENE204,562.798109528582,722.445616702037,282.54114083629,603.142033514713
GENE205,358.603820190479,636.83855053973,376.330928378674,513.148809739204
GENE206,628.083369301551,755.33211742066,564.918538161348,407.123206126581
GENE207,782.039392127391,551.835868749729,691.558829107788,512.19496565732
GENE208,579.097669144125,629.773726492899,602.82479746097,840.661401019528
GENE209,637.814827874366,828.617384003981,464.375940091932,494.740044861833
GENE210,430.092022158886,701.913717571321,775.470901263326,478.590608932264
GENE211,745.007533828627,798.003412779935,395.552116618666,388.170392914341
GENE212,624.593061808031,542.417069632488,509.651816333182,510.944637190084
GENE213,285.935148927862,546.227429078907,615.031946709625,581.639653778672
GENE214,555.919955792819,475.759877931693,358.009109129364,563.014666723237
GENE215,341.015037676989,455.521064418,311.716174877684,648.428864244602
GENE216,555.835125887067,547.936724253863,364.316718329361,297.893039907083
GENE217,724.165441891866,517.472713079321,484.773834933358,626.169401956774
GENE218,664.225212834602,663.226083759546,370.682715148425,638.588399729081
GENE219,425.720335379594,365.103440612259,480.394450962028,344.63718917827
GENE220,526.830576937496,512.984222713885,803.440500065791,536.664841321086
GENE221,398.731697765854,603.730461718661,530.794013994136,485.779499276782
GENE222,370.42012402799,536.081462450918,506.759580813811,288.933317791105
GENE223,483.043917797341,691.461037108704,586.882883976697,540.666717716327
GENE224,549.645887107718,608.910368756014,704.51605365504,729.98092490385
GENE225,592.995264820717,258.128517341402,738.127910031869,531.726794547702
GENE226,799.022924399453,563.993805759387,294.36997095616,488.842728244195
GENE227,706.229353878145,474.30898280436,415.092978155328,336.787348558984
GENE228,551.203327514674,353.325024065177,582.681763871285,529.348931259813
GENE229,516.394585431636,984.404577840213,622.250520545691,246.284568918384
GENE230,350.462895908641,552.223888698063,590.837180982409,558.132001112675
GENE231,476.681961677865,318.429446124184,608.486380273305,509.973195961936
GENE232,665.90754928144,751.167338459812,527.264949282148,629.952605571674
GENE233,489.103128417078,562.547303154157,587.706507335324,775.759745004827
GENE234,533.047210604102,476.118108843909,499.979301171251,454.918826141665
GENE235,720.745405450516,489.83867776306,681.889057193277,707.591969979269
GENE236,578.728025406035,634.656745162846,410.434203690272,228.003540530304
GENE237,637.442644483744,586.766834024998,796.938588018562,753.350657650472
GENE238,402.662921789529,358.058555617327,469.14834978622,498.678893285131
GENE239,498.579145597063,624.109690055847,428.901240780474,654.197606335046
GENE240,498.454499586922,719.835213391116,441.963241510378,525.311043757343
GENE241,577.444716639044,450.434682189148,491.854653190682,611.045993619621
GENE242,696.073821413564,631.23299961831,711.961694681267,614.5980758076
GENE243,613.312171630467,519.164674168999,490.600366994037,523.851691767352
GENE244,525.483871450328,637.743130887331,526.694744208546,671.312215944787
GENE245,640.530910049583,381.796480867693,334.628052479589,822.524613879744
GENE246,573.606954102907,613.765734455508,479.930602258537,826.744386775206
GENE247,711.24623735871,513.538361994609,549.941396453789,584.460888609597
GENE248,244.059533467754,712.413590931427,763.105800548807,452.353491558353
GENE249,512.848396269674,506.54939514843,591.223122393221,660.493081269703
GENE250,585.963827591243,775.350695859098,383.394297151873,387.906317521592
GENE251,653.250815916763,600.391903409817,571.694301724826,578.052719787387
GENE252,716.880221888483,668.802852117476,309.177600686081,590.844863297748
GENE253,567.925255951167,286.558406148792,462.81172332384,450.950143485594
GENE254,347.963462285434,924.71286575443,673.473115475264,598.013317813873
GENE255,545.851198509126,831.966152211778,713.584549297359,295.553350086095
GENE256,617.12244359145,601.258946913061,487.933799385794,495.342160346031
GENE257,321.200927911126,804.248118627432,708.750515528771,617.912846046662
GENE258,431.98722465279,703.438983151774,470.529570385201,605.565047859179
GENE259,689.368467583003,561.477279440164,620.021318453515,929.354058852713
GENE260,498.875139071798,741.222025980155,521.272518911824,563.969056948298
GENE261,614.677800236946,450.120908587396,463.155604157301,506.064920685154
GENE262,469.098672883468,362.252314412199,535.367840070546,492.191927023457
GENE263,497.957112076467,406.72826535843,582.53503144251,524.114612286279
GENE264,357.850053100207,709.455559047116,818.208571408039,356.168566038764
GENE265,775.684502079054,685.923979969088,446.791627172687,536.90573179904
GENE266,675.659472615557,530.973099109248,594.105361942116,549.347784906221
GENE267,599.051824170493,508.563257579859,758.522343399007,476.829522300871
GENE268,484.011077479491,442.126528127553,594.289345636189,506.209874766623
GENE269,686.972869586685,581.006106708062,569.951324619901,499.333083066572
GENE270,397.663177864148,514.21960796611,620.132759249624,598.991804894561
GENE271,400.316450268399,520.547978822216,444.751541430432,609.371200260347
GENE272,629.835085757592,478.294191663583,202.959172389519,544.676889027751
GENE273,714.591446070648,669.980819074011,621.681770758546,659.2015389056
GENE274,429.014720018691,694.861271558401,798.699833961972,693.613210384354
GENE275,842.652547373434,687.453228905912,569.092196881654,679.003882180053
GENE276,432.024814066704,420.144817421565,787.650238102074,583.648841741112
GENE277,675.123537535982,716.329083100782,892.221984231165,787.291546049668
GENE278,638.799826076404,382.876174980951,780.87560571973,617.029632906595
GENE279,712.763002358095,568.621834444278,615.175956504667,538.145964754378
GENE280,476.579468793065,160.142880891428,640.598113277317,531.927297189705
GENE281,529.587422697338,765.053131842453,616.745720719025,539.328806134706
GENE282,429.863422520484,669.613766593147,619.139312798668,698.361953335873
GENE283,390.254443962203,763.503919899711,545.442245054626,495.688902788821
GENE284,574.184627781717,576.953463224772,420.9516093559,857.792204211889
GENE285,605.052573853957,554.624113702417,648.616406317504,659.283408514679
GENE286,637.937450652889,447.817007615528,573.098538270223,566.931032231499
GENE287,408.275377731712,520.541952766248,414.226805095832,700.734924509738
GENE288,636.570143631133,649.945802002812,660.759544867952,560.956820888363
GENE289,486.081715180096,707.602483562711,544.277376054281,437.213476918961
GENE290,684.273401502022,487.07119981291,603.345764589,608.852527638457
GENE291,730.776806513198,480.519494530342,452.138414268281,488.55654400687
GENE292,549.15058350208,771.987111926734,514.345560985517,526.786409703483
GENE293,534.291086837619,441.047592106098,597.227296220277,470.466590650393
GENE294,592.932281107458,563.230714391752,733.766713919283,525.729079716649
GENE295,288.158363744478,682.372976129925,604.179142739865,593.064748820712
GENE296,637.479083108055,419.977987007845,331.407629465167,401.452895069782
GENE297,796.091784991539,681.366840017963,394.032688972661,636.771930955905
GENE298,855.47433495545,529.328047205432,427.295082095496,561.535226404449
GENE299,845.002843754313,533.783335213422,551.243035984699,416.462733304809
GENE300,292.38163284608,370.414331920617,756.486804874117,397.291605675786
GENE301,662.845478915989,739.753897979143,461.320848732933,464.605962183544
GENE302,773.652768478467,923.898950590859,570.799512369743,392.585006800258
GENE303,620.991562841572,393.416830034357,626.597907906486,302.209592994137
GENE304,540.325495022354,399.209463081346,355.321130872624,473.118813677277
GENE305,499.632839201654,781.814114198112,675.206353212856,550.688357536845
GENE306,629.065199416772,687.378962855101,536.037162237553,701.913467123558
GENE307,712.555436480642,927.402168315802,568.395230593918,524.137714467621
GENE308,394.22543462044,686.944098898291,639.315927057323,479.051865405758
GENE309,421.944555312276,891.867782926666,867.90361628798,319.932161573105
GENE310,381.621980472917,652.334345932621,607.117959024186,411.56066788504
GENE311,440.831040254034,214.313529276373,409.238615540911,872.412377086559
GENE312,465.251900890551,675.061151017356,427.065462658882,646.788067254657
GENE313,441.454434525721,398.334727544354,433.605093959839,498.603604583866
GENE314,741.552222984337,769.401882095687,417.986259970473,777.023250542296
GENE315,558.367404453846,342.650782090937,575.793083851,514.838701742315
GENE316,686.503484150746,595.589832532764,713.353596881043,645.650880560402
GENE317,637.926757877766,542.665955955304,553.606330092109,666.486165466468
GENE318,494.131515543346,669.063929370708,452.82988891804,806.65860449901
GENE319,361.715139015429,718.301508925407,590.328199716977,516.092492805323
GENE320,595.725769756132,272.460512954856,386.51710837134,531.275754684435
GENE321,301.739007265073,615.323351246978,524.185924812217,632.435305409715
GENE322,261.6868978132,584.299049368441,434.712813453975,652.855187683832
GENE323,883.306277614507,623.641819494571,608.072017413087,553.467656439431
GENE324,421.492503935045,764.385069188093,589.528677994587,784.376285919821
GENE325,693.340670225298,320.575018849354,520.520022682589,664.475771156219
GENE326,556.105188989741,638.314758393998,418.240189513022,535.54927606934
GENE327,556.708450388652,523.826097377029,588.517930540815,686.650169447978
GENE328,354.561099159259,735.99345752936,710.234139075179,665.565883372584
GENE329,400.290009990842,792.920740467324,605.145172922568,245.766187913839
GENE330,687.481478830641,355.497066204191,693.859385507754,427.942682157563
GENE331,538.433434189217,466.94382534471,268.520116624789,554.918237219975
GENE332,555.365467430714,488.885442367854,667.698387675593,530.294583579522
GENE333,640.705487684003,427.996119703904,573.776749266582,799.037310945063
GENE334,701.184514394369,427.31400121867,439.636729903554,447.471757274761
GENE335,378.28749414983,186.010676363602,679.90606356536,411.209484749925
GENE336,550.552960587821,235.214116289783,783.362884322457,759.764068549433
GENE337,601.705140258929,616.329894275213,708.019469888786,557.513438662307
GENE338,589.066444234592,352.735737669188,597.447363832124,428.352834704729
GENE339,578.448145719583,611.398580247816,298.838714813975,366.776375790879
GENE340,528.790046488159,557.8417904048,578.461277461001,542.44477159024
GENE341,657.395001095776,416.757922141914,910.857598280385,746.617521922961
GENE342,718.526201996685,637.527799152136,596.351934423246,353.259204402305
GENE343,479.369179634202,474.537308483832,603.824776139659,410.158814309458
GENE344,574.996122529732,731.919594824558,525.610684962216,667.65942306124
GENE345,561.974537900432,692.742274720336,675.417437215708,608.917663378021
GENE346,702.836183773781,614.189457884049,632.395691436778,482.766757214776
GENE347,760.570749584924,680.03425342924,678.337593009682,675.652533242408
GENE348,706.052100429644,496.449026830579,642.301525448844,606.458066693611
GENE349,566.722424801684,606.166793645116,177.443395294419,599.353021810341
GENE350,396.203150613838,576.429983057685,552.497496810506,509.825948426806
GENE351,650.005758045922,601.938856455157,546.464567464173,496.82566713703
GENE352,748.659717867782,556.089480694185,566.272050517673,559.362145699059
GENE353,485.033589133024,734.322145792534,682.332099039342,301.488503987602
GENE354,426.119900058889,567.965563248752,638.704258963505,664.008066259701
GENE355,727.82654425271,562.016412176248,529.590609350567,832.313640145977
GENE356,620.743877955438,639.055551194614,599.725210411872,473.442241095818
GENE357,534.051724483506,556.679614851985,379.995034466586,514.203586523385
GENE358,573.671293009362,463.737202351771,588.706678517009,534.570037850417
GENE359,680.150531273337,535.238223640144,688.440995397196,625.366859787889
GENE360,546.3735374529,698.498069279382,682.974521911765,511.556931560643
GENE361,544.80994238994,595.136266716757,540.653852007781,593.175637013416
GENE362,341.773789307908,649.772951131132,544.695153235734,593.208901946613
GENE363,436.150529874021,747.688674413891,241.215282654712,740.894097113114
GENE364,787.989002050912,273.737722690821,558.622129090603,811.892025300988
GENE365,317.059193709332,418.49192175322,599.355113576146,449.824050517288
GENE366,266.437028322527,521.693845884299,595.695762003088,791.413999153007
GENE367,459.648512432776,527.607265271505,721.186040154859,780.362838083827
GENE368,669.761311461293,181.212261109461,546.509394322469,448.773367256113
GENE369,365.581739418666,424.116546035366,582.452811748849,621.896196915469
GENE370,375.995976614841,637.354910049908,699.169219451356,587.994521264721
GENE371,400.664215250672,466.907707826374,443.185393357132,605.239144849349
GENE372,494.040185794382,725.759477107634,611.086172876636,436.177343279227
GENE373,680.21215886674,675.587266118878,725.675245624441,670.248473695767
GENE374,398.11982495711,433.157739544413,636.28271927857,627.967162953899
GENE375,708.338242609021,684.011354034994,513.490481710761,454.589564592561
GENE376,502.59772172873,558.966266373563,613.28211126394,423.860891362237
GENE377,643.05160699005,535.895930973999,520.532017003763,402.71214624646
GENE378,693.718151125616,409.723300643577,87.5238792032532,585.942634372301
GENE379,438.127515616493,734.324902025493,627.380913311907,641.959845788729
GENE380,484.315731777174,522.967968012305,472.016200896409,580.397497154596
GENE381,626.624529632998,869.915493242924,494.518872783704,482.641479164619
GENE382,589.462987865834,708.631120803996,657.754481512455,552.898489905854
GENE383,700.757763452884,508.55488610563,754.844975793055,523.271752925844
GENE384,559.91208467358,526.737046192769,671.824918431444,578.754296918849
GENE385,737.543054086537,902.656617583342,490.192505980362,566.649133355036
GENE386,485.260705895161,519.107245612392,498.072210895692,411.424369368837
GENE387,596.07120904837,482.691992150353,615.695786547851,485.321929775493
GENE388,498.347489341939,583.603911440693,568.646217581005,659.850682895137
GENE389,679.330568062364,661.574190068776,338.579390812719,493.92604318667
GENE390,371.725755598229,524.51920162297,683.631118765638,308.338292510601
GENE391,573.922186153842,524.911417592115,809.912563407958,660.701949181711
GENE392,497.367794687314,540.002506919228,684.512756826876,620.764974098296
GENE393,587.781230627541,571.112562993892,679.314526852203,583.412425054022
GENE394,435.876601831182,607.861638991512,626.600703463858,367.429539301888
GENE395,638.935289470404,416.19795293601,396.876343988767,764.432264729005
GENE396,462.2188921619,560.353891128758,443.497113919692,389.91063901291
GENE397,491.095608204966,654.653177244963,607.29286824679,384.699912733274
GENE398,613.111290269306,422.256663864524,222.432698280455,708.923489773023
GENE399,638.117774469381,441.982609625376,636.756410082432,411.269102610531
GENE400,580.893489208761,419.739645763279,539.88703820043,625.358541819607
GENE401,742.25848170791,533.872525398337,489.920979361969,559.374954376781
GENE402,605.311425900782,450.9313410563,724.179005438279,475.241189970044
GENE403,510.525448005085,586.64412331213,506.252755876495,564.295731273397
GENE404,376.026337188002,658.956481343239,586.519980001363,444.431653614944
GENE405,557.664378511736,601.430166622586,517.962434131379,497.383341040705
GENE406,447.465483149388,437.302429135905,276.022734765998,600.542804449084
GENE407,560.921419570117,450.943127870766,399.419630626929,112.190817261383
GENE408,236.834825514986,675.675216467212,605.823229209899,558.569308340619
GENE409,588.991806548162,580.607188611535,593.954884584121,683.376087087553
GENE410,700.972413552254,548.003911064835,553.227951077935,542.028187329759
GENE411,529.417439567977,480.418302379162,858.206542984564,389.938942595943
GENE412,660.621500357338,425.971701605729,615.021601274387,472.291784032766
GENE413,691.986327412798,616.150555927482,598.803932501373,367.992849097737
GENE414,685.03630299644,638.835303735682,694.813618157809,802.046692502006
GENE415,371.812309218931,594.609576553881,601.615610487833,437.366070597157
GENE416,264.234920901331,641.449462278912,580.767826029444,553.48356151077
GENE417,617.8751721101,493.053515337679,375.527678076213,629.280558147339
GENE418,510.786767568827,612.508116230426,642.673261994702,583.16048873315
GENE419,690.412395934673,663.979737812625,557.713818038524,667.537560166965
GENE420,576.847141479478,626.296976504105,365.600650222153,615.888367106755
GENE421,662.531381055859,394.861736549488,611.743950946871,497.011142171903
GENE422,612.531844828715,403.778989354273,706.019437999843,612.884784543612
GENE423,536.113893011052,474.326042438421,676.760951412286,565.696025059522
GENE424,299.712629534656,477.636887240034,422.376345063202,337.164126226774
GENE425,609.984900966854,561.604372503946,234.181051980598,334.423320095952
GENE426,572.235387799827,503.421858687478,439.840950110424,822.271399680616
GENE427,455.205386437687,738.576456260728,585.85567705314,575.773727511186
GENE428,212.177518053352,481.902277908255,671.30377956316,590.209244677407
GENE429,558.115150543006,557.55558196103,779.58147263039,650.111863361244
GENE430,472.967457586234,673.467415112776,592.136027733407,437.175377173479
GENE431,318.249102404266,546.587725265091,537.046021365361,607.62069311286
GENE432,572.516316050002,377.75443507777,686.290970980334,209.099161147317
GENE433,325.887294960688,472.909704450014,411.174900761893,411.026494383677
GENE434,693.261593267919,514.549518504437,411.640771348012,450.970119581462
GENE435,420.228712399748,461.365063329018,697.694643424134,670.76977426018
GENE436,715.794330306692,785.66206791011,652.81901073977,533.216812147067
GENE437,475.724816885215,594.497206300157,321.50772668385,607.785952319461
GENE438,728.951664321084,842.401163758996,652.138599467194,603.664356266773
GENE439,683.291076764938,749.368544122393,799.143919624235,495.277270745766
GENE440,471.56433131344,456.050947422803,557.056322117864,268.594823721183
GENE441,431.329951912335,234.609149327602,312.800893710598,529.59065365249
GENE442,327.990015586528,417.102985311698,663.418305860764,552.349737666225
GENE443,336.958167188968,615.098818981631,466.625936635935,832.864699136348
GENE444,494.366061629066,552.152320283521,551.316161842858,517.322175063592
GENE445,611.894735789091,462.426942940004,660.367895057232,546.420551238268
GENE446,510.844749657147,513.509821204705,170.736969961398,647.546245729696
GENE447,561.98469632574,514.939009122662,442.560067955403,722.162521438191
GENE448,330.9457819656,481.431466405191,463.187962567891,612.398953289702
GENE449,536.056441413163,398.951983998357,449.223970877208,540.807863569498
GENE450,504.626187840841,512.82051700472,754.708756356989,611.113921585713
GENE451,464.805695039915,578.351841134588,514.859326088802,447.864890267013
GENE452,683.162237549564,357.183579851114,483.929165215069,538.058876166633
GENE453,524.851723584686,604.25769381127,604.252242664496,484.473495483558
GENE454,427.585183649879,697.554856544777,641.80384975182,595.902062792825
GENE455,482.367574308787,460.374878319434,681.56552081176,631.551375369954
GENE456,553.31882820163,597.866965911996,419.894014515901,597.735030268646
GENE457,498.499928485535,702.834437974985,398.79933941709,632.387389739125
GENE458,513.453084931285,471.167018525436,450.846257026917,645.020040054146
GENE459,686.935944420891,821.362917742704,752.469347548405,718.907232824023
GENE460,750.669051394807,406.67327281312,415.901567960601,529.029005411363
GENE461,620.837308393611,579.934855013294,541.332963679234,652.361210811129
GENE462,434.093455127133,661.813357365333,736.761301557566,401.034943825587
GENE463,642.641888522964,584.976460265091,497.729882408556,449.41558979441
GENE464,455.732994024369,474.390758126678,627.567533093792,603.0419449669
GENE465,566.96805053918,520.848843350673,446.776413525667,581.225211911554
GENE466,529.97901179657,500.989930226864,436.007288393555,606.411713943361
GENE467,624.931511052686,471.832159107116,661.735611492181,713.997101005119
GENE468,715.732121383407,352.955619092555,522.948674257838,552.82025292568
GENE469,407.878544810096,564.862640839667,688.037679628138,562.749359013902
GENE470,209.101717222141,570.068951404707,598.037429786158,359.410632238276
GENE471,538.5542830284,558.48012041471,521.669571030266,747.581319510485
GENE472,595.788903998103,513.260210165673,428.617117583306,576.925317082861
GENE473,311.693861812786,713.444918346005,637.924194436052,772.418395037428
GENE474,574.483680273892,588.065863123984,475.572625455918,723.839286819981
GENE475,469.029189211329,676.82055931053,586.3821368112,695.891643054351
GENE476,501.139627483505,470.439584248479,684.705928331409,720.841830147194
GENE477,487.239619301636,451.337487191157,584.678660184786,353.784464704834
GENE478,559.156616195242,618.421616796286,625.198934275819,543.443968785559
GENE479,589.338634513427,638.83192442485,613.120040954345,442.685761435431
GENE480,725.440049194589,641.420071475967,534.131971510726,633.974015547737
GENE481,214.961507377137,632.651287758068,493.645530434574,272.902363009791
GENE482,325.17716639334,532.599978289582,560.133388802513,134.84256095845
GENE483,858.712679533388,587.520143942836,539.541286878669,554.738307652323
GENE484,598.401598345034,596.493358466824,293.465200897297,432.741650417258
GENE485,672.472510404252,317.720098868459,294.112418687853,501.315631574917
GENE486,605.573765366285,562.757616097535,498.793974643629,719.868492477066
GENE487,445.635198195438,455.651660434444,675.33709163085,586.710995046574
GENE488,533.042133160475,540.307533604919,565.660802364352,371.376307313272
GENE489,757.747623184106,505.597219034519,469.069202940579,712.850009147809
GENE490,664.460870864413,598.675904767797,584.077589281683,532.911279817686
GENE491,555.256675454827,327.462270657375,623.00755586213,448.140138465817
GENE492,600.87159024585,470.316423850875,629.883528320158,701.281670760775
GENE493,676.182636293788,699.146913266396,682.482494292187,446.480694655144
GENE494,654.142452153114,723.499706086741,636.370545056129,397.070645760939
GENE495,530.862033813926,557.380711975903,810.584516862345,576.461409682583
GENE496,690.824205883741,771.176509375462,606.865340536193,391.618947389438
GENE497,640.069022838864,504.127376446289,556.423713454718,456.19200370609
GENE498,544.34701321698,546.968117217142,676.052696230279,553.095006021579
GENE499,483.792089215205,587.975785539454,423.407363302974,577.23982008433
GENE500,423.956990373688,633.236190247159,516.810163799169,691.517615292729
GENE501,576.994530700326,795.759670708369,711.185422454393,393.070424346218
GENE502,627.130788261202,485.671645081337,421.739457992861,619.190580631902
GENE503,526.314715295829,373.172377462819,483.017044272571,623.431361992994
GENE504,747.748539734417,356.121379272916,606.298582991422,521.624720863689
GENE505,480.934861049266,418.492032849539,315.465739698625,460.205101593516
GENE506,571.327628711584,662.634504893386,372.616597900686,714.551431284769
GENE507,566.488777637611,526.51633395092,425.002789877166,429.438268018169
GENE508,731.36794601453,452.957981106844,585.482099005805,395.597151360773
GENE509,524.258747940543,600.506113823823,542.252020503126,398.127951834251
GENE510,638.332499523724,572.896894748236,652.575785044321,651.254536455381
GENE511,435.156177523389,479.039395136345,518.882450932208,576.789497448395
GENE512,520.48017508779,665.318896310198,346.379578757001,451.658839098408
GENE513,510.556376766168,498.096844166702,466.867871406651,456.920864337527
GENE514,660.441197229509,620.025301127661,695.022309718249,511.336041832611
GENE515,778.695182221367,512.665501509813,557.75815137756,420.465290412557
GENE516,299.250969292721,675.608568260188,516.503884437396,670.581837044086
GENE517,480.199790388807,758.72001438147,425.931229791317,635.91201230051
GENE518,510.296466067608,597.205587556578,616.109368752751,666.082935044983
GENE519,701.945304852325,443.534600732897,640.77275026036,389.897551174476
GENE520,409.256894296816,537.127446274497,746.2281913983,471.661174263805
GENE521,587.14989944213,705.338461123885,589.293572275135,387.330561333231
GENE522,438.154428717479,744.678569102778,526.358573140477,711.376923459993
GENE523,563.61923373624,810.77602566462,580.438375495782,560.12591568981
GENE524,420.938829707549,558.969661209316,384.783644223014,520.003419768259
GENE525,481.021752227571,544.081924457225,545.372593361056,405.308926110899
GENE526,742.470364845866,594.279134021144,695.462249686793,602.884842278392
GENE527,373.478362356619,606.012072159294,548.604277330852,566.464025657175
GENE528,676.341010345164,662.84088537698,616.220952102247,636.65254851011
GENE529,474.474709577802,495.589511721389,538.951748758104,574.108403587955
GENE530,445.985712194755,608.139383577077,490.091757089176,202.594979359478
GENE531,604.705858036828,548.14435733289,594.296565560819,353.326694895065
GENE532,415.109537446033,485.937144855924,668.842799477611,473.910648673808
GENE533,564.841223033839,615.075524811344,612.490389520432,788.673897467179
GENE534,400.79616136567,653.926007060758,786.356273138809,554.129179401736
GENE535,470.883699796915,613.12876140251,314.680084307095,624.677496315175
GENE536,362.511601927531,477.787628697378,556.381173890596,570.089171177478
GENE537,861.225225934834,471.514548459879,558.973522716266,691.585351312143
GENE538,648.427811766673,478.028668150459,620.28060284108,624.562185733999
GENE539,534.421273973139,385.032158906073,625.022655077073,327.169687166507
GENE540,480.271961018271,535.325266365903,797.031933556246,479.637094633531
GENE541,627.277649568272,661.736568711968,513.822760262209,282.159794347245
GENE542,642.539906495814,765.354373990701,449.188948564522,585.201211508801
GENE543,514.004248533326,368.803919814132,645.010346559086,466.26525347534
GENE544,445.179687181518,566.96233484829,457.218288325061,445.324467774022
GENE545,752.968792519609,518.558757279158,713.569337876394,466.756606293643
GENE546,433.333637157366,593.884208673707,588.717605938392,358.494977309375
GENE547,565.117484604079,590.430163044458,984.359921064706,612.229903567559
GENE548,613.48047419564,603.886870165216,435.903959724012,356.187800588831
GENE549,866.311701141687,801.317926917971,666.175942755926,609.598133569449
GENE550,707.066530227865,525.165807388247,518.41687611814,574.863021140214
GENE551,534.320317165734,808.445820728145,464.587422880666,677.013264035446
GENE552,411.179027614867,578.114224244992,588.129419827323,605.717007838522
GENE553,638.869095564357,455.858032877507,562.902851453247,883.762861988321
GENE554,550.820035735044,714.680529651527,537.81438109413,455.109287617849
GENE555,437.284266308756,525.573975976194,731.867400452649,513.449919249624
GENE556,614.206495135615,374.526636658065,636.597072238511,487.728388093561
GENE557,598.074117434013,707.643870884729,637.880322538204,608.245256306392
GENE558,494.837405178821,688.588673313875,497.431358715774,747.808262019022
GENE559,643.134119396031,742.188599320489,665.125889354769,621.792553847617
GENE560,564.95190313332,534.573478683905,486.132609357357,690.234794008371
GENE561,569.195487057677,554.873239467347,654.266284065778,479.76819669024
GENE562,573.513197183277,585.466453334317,571.908452694962,670.758078555314
GENE563,418.62798273557,502.298701011486,743.870779688796,672.301280150697
GENE564,872.865304081427,494.390939279423,395.570188706492,895.734535210386
GENE565,575.32505443453,820.627414288415,721.160747930696,607.460459103094
GENE566,795.807530145488,513.393099090277,637.025880134543,632.233895630718
GENE567,672.071111050874,376.001947330208,246.426044217003,770.530561237151
GENE568,671.158460447764,341.065317879809,604.363617677068,599.433281957341
GENE569,520.797505244879,553.518715912403,367.699113604971,488.484030820162
GENE570,419.771791324181,407.059053923748,694.813654160945,534.115735371555
GENE571,571.178393413178,594.66176904997,515.587347622574,451.861533361558
GENE572,701.402314241061,525.330335501041,298.704269812327,417.282769778589
GENE573,450.851034147496,431.320781849534,794.793252312163,482.427403190503
GENE574,492.51061380032,611.728597823505,547.853543041272,464.273622802512
GENE575,554.965098426578,495.18088995167,551.518555238576,391.990344840464
GENE576,453.39817130213,393.010056857593,705.517638574983,623.496579259974
GENE577,347.964966835667,560.465517642121,666.764870761469,593.35925466966
GENE578,477.544200438193,474.785332574785,683.028678458487,397.97406479477
GENE579,531.650180860777,383.137023923019,565.873618583339,654.649664103768
GENE580,612.307494490567,498.60888794601,513.759237407133,413.882424506841
GENE581,807.194931356102,532.177019155545,612.423228565808,473.494714850432
GENE582,549.68654365483,506.727011043832,636.577131799223,626.431419676223
GENE583,547.682817237889,983.942698351286,407.310102617334,619.267947566263
GENE584,389.326016788762,707.44757719717,317.785892389056,588.516887264501
GENE585,506.025880025443,600.979138310324,532.456179746415,568.604854361005
GENE586,770.602634869301,564.560146076591,641.058074462179,561.399678147437
GENE587,259.55927528162,555.994821580956,489.761091823113,665.880581788352
GENE588,456.277355279718,513.998769824455,503.244199820377,863.267702504783
GENE589,757.956160092196,469.500530960205,597.227348548078,407.087586954484
GENE590,597.837322846488,487.699803434592,362.809539092132,668.782491174188
GENE591,468.777391784945,557.579994447501,622.615663526846,378.626964704253
GENE592,631.64775633215,681.170636470156,592.227127769951,623.958826930834
GENE593,519.106472793836,608.940269142435,507.427644214656,546.357102876598
GENE594,555.144159375715,217.072025522272,649.732060213169,412.206499595056
GENE595,501.590324239864,723.85173728131,557.132836717233,738.586546176507
GENE596,469.431319096239,816.980363501074,922.751604056086,768.565070758866
GENE597,424.178423485734,628.295516595164,525.193877540784,359.115447375522
GENE598,299.848694561456,707.14488025607,534.948245395678,437.986666732881
GENE599,615.98686258227,619.915049321686,611.515027196838,364.406255926764
GENE600,581.764756160064,597.244297261866,252.259354514278,489.781798022605
GENE601,166.718019857521,715.104024146894,796.385020019858,363.6355743038
GENE602,408.313332531237,535.128241156373,339.576630766343,482.530193388187
GENE603,683.766191257563,518.513782907037,880.52327414567,510.553345163385
GENE604,580.792825495389,362.800458818755,665.625209475189,604.58763355958
GENE605,570.873195106289,720.818116286968,667.503965641393,559.884379669635
GENE606,577.790711395974,561.456295634347,361.652961348614,770.357108494031
GENE607,596.285106662089,411.618350460225,442.325537503829,702.292774603598
GENE608,542.825256356246,738.34452796176,200.169407257843,801.619550153389
GENE609,502.11009659617,314.080690254223,471.509064758626,758.588697170768
GENE610,483.065882866037,495.596371674364,407.401115151046,488.163339064639
GENE611,562.274866554079,707.934478207335,561.689295030143,494.039719222733
GENE612,457.445304385246,327.883976811227,372.203927817384,462.52484854442
GENE613,763.561630088634,515.715899143461,667.908244919353,617.147874031597
GENE614,604.49674192169,603.057825495787,486.785447823302,455.894171326136
GENE615,854.455091091054,517.386233423205,754.03682872406,677.789415507314
GENE616,641.741684437651,709.773162133575,529.612836758088,595.500166585048
GENE617,567.847720667327,433.711800492852,712.951213554454,525.086234005175
GENE618,496.73522247308,500.13246496026,547.496196445299,561.585825897705
GENE619,691.88604117712,313.844704199699,430.439836320415,554.812937651905
GENE620,795.182491105697,513.471212880914,467.316347801937,564.309077298828
GENE621,550.055842697538,252.847219838704,377.394474394875,471.450967742373
GENE622,541.104807095203,616.024376576529,528.437726393087,699.832457051206
GENE623,574.171880013252,445.190191841525,750.102570274952,622.805073767275
GENE624,557.654285359503,513.56778757593,523.582766847921,809.469563116356
GENE625,519.945334812393,804.426460130029,418.64066284696,422.290220950286
GENE626,442.081601666162,793.117312625629,420.644383686437,303.719301163353
GENE627,634.68479974581,548.266173677271,452.014207910227,392.048519111375
GENE628,383.601006202041,641.107685394192,662.691166062311,341.068410731653
GENE629,506.352850875877,674.826495859052,818.939070470187,452.493962289706
GENE630,604.597982310268,677.521462746761,634.271711582222,601.955464004065
GENE631,673.818387484872,599.457793301636,439.678784194361,450.287315436102
GENE632,622.588587975005,529.762493735529,666.743924421737,517.697628366803
GENE633,655.957146845085,693.437882488288,370.428272199668,456.435476670332
GENE634,530.610047025856,961.262285803148,597.317369264945,557.594200947633
GENE635,707.781009904308,615.251092028624,219.443727190505,433.056025511528
GENE636,420.971352180062,720.396009893118,432.453895684479,816.683349830996
GENE637,572.303626361762,766.206057514266,580.016489869646,354.848384644148
GENE638,467.24882942223,714.691028261122,447.901279374513,311.547081483568
GENE639,435.202123254273,727.175637850463,465.763290108006,483.37756630612
GENE640,542.427539272283,589.696605448346,875.188940540036,721.323506487156
GENE641,476.578915965736,376.504060697631,562.990395433263,469.418811247006
GENE642,627.343603003225,507.239503672957,445.201297763697,322.794508457497
GENE643,771.612477901411,700.641553175972,735.754058294213,637.279938107863
GENE644,435.894388955504,696.945267521582,330.409834910695,501.986577383573
GENE645,677.800613226825,463.092943315017,421.863158320782,499.672948241657
GENE646,666.720781957413,440.028550019417,729.031380350023,711.570510952383
GENE647,800.101931698945,430.028718104394,557.875820290353,334.708592634122
GENE648,640.448228764799,521.387011268875,514.184090615017,705.818741976721
GENE649,627.813839305748,523.260483065266,576.807832186219,648.279386038559
GENE650,356.195637136676,468.652012247687,500.728613476862,465.874250999923
GENE651,249.379976822959,499.53975524961,542.177788030274,620.875773786528
GENE652,540.594964342774,658.406047782489,617.228724819412,596.523284874097
GENE653,598.653522722176,321.386735384477,739.831122872905,586.186036097939
GENE654,626.496970429593,578.324047281756,611.23358719684,869.462667220278
GENE655,791.084841014645,388.248130762653,516.542078283108,414.573493434668
GENE656,562.752523525322,473.245949215279,696.315927164626,422.826778066195
GENE657,664.550367165836,749.092911789244,932.789815803729,790.670286902151
GENE658,740.405709916703,334.691401736312,762.328580819168,616.083038027321
GENE659,677.986395742864,301.303357335298,643.325070093756,305.226592795579
GENE660,601.460675003871,475.515611971059,556.756546038188,694.682106631317
GENE661,349.348986762769,658.512612261602,650.131595447072,754.412639392372
GENE662,628.499188807406,512.459492262856,844.098316156311,669.8715024343
GENE663,538.868756191493,574.80138768465,571.205738051728,725.269561612817
GENE664,748.754705617183,402.773937738414,418.901566598498,798.35040378515
GENE665,667.32629259829,435.255292211379,657.840206956146,551.258380970199
GENE666,586.557107164023,412.654011844887,503.60005163879,547.743210146409
GENE667,462.894541850528,504.54740190959,488.100731048832,633.971633369715
GENE668,961.644402119927,731.003899168569,757.194936106868,676.36821142418
GENE669,270.549415805338,650.668199737868,620.444326094472,665.096723503652
GENE670,662.89727343062,616.263450685878,529.144733203358,352.880942513557
GENE671,606.600091572015,595.815188965661,696.381439749758,422.510769187266
GENE672,554.27754291132,283.886055357699,536.754439363196,480.64332320435
GENE673,643.422558583654,469.904157226388,670.276256085639,822.052660457082
GENE674,465.666718197716,599.087979974363,555.302548094676,650.443864397372
GENE675,690.402716506802,495.884287026562,388.298356158472,658.408554170912
GENE676,549.410728100927,670.388049407632,277.283753052464,656.587215648325
GENE677,543.995984976123,714.372835650085,668.061363082414,523.974999169053
GENE678,459.907860489934,450.167991275709,509.204756228967,750.028405121829
GENE679,682.876494935736,791.78029462741,516.51703784991,339.24075148989
GENE680,752.630345891312,773.328811463325,586.14174375597,376.442029661127
GENE681,592.421718130858,482.603547392374,624.794833121939,483.782569266351
GENE682,413.562513823731,533.692040337929,241.14495902967,477.122421262319
GENE683,531.209687656821,731.25049709553,324.38673572506,523.980030713612
GENE684,483.528629047988,457.657343212328,576.884639867306,639.906252418373
GENE685,481.745996803412,585.776989322048,381.273948162596,585.697089107413
GENE686,516.556351259564,475.475396366175,764.113598972058,576.586389436295
GENE687,604.456758997204,524.176080608999,529.596069588315,636.57003529587
GENE688,433.923422394168,380.314015447839,578.93043623542,744.354872989671
GENE689,489.675077788156,533.128296623952,298.830780912668,468.253580470751
GENE690,438.267345277386,776.65396249866,336.774101151258,538.353738837508
GENE691,369.872544943296,529.38091659728,654.426075395675,414.25500306314
GENE692,709.176513106346,490.891294430458,597.658588180639,458.689394886208
GENE693,777.661432158778,563.411895549302,735.545708659952,358.580745574485
GENE694,409.444523416557,419.121922400875,733.318870244894,381.793541912921
GENE695,490.558919227663,618.328014754772,574.114992826352,558.446340260922
GENE696,625.547769998921,377.249169083196,473.606257315254,321.583753833096
GENE697,687.746268428121,621.715656190951,445.606648314602,755.630503865361
GENE698,628.31684742882,628.373385771385,482.16789890883,557.469454317147
GENE699,547.479701790336,355.306955523605,477.591568438155,662.997283826009
GENE700,547.72936289502,697.436419780732,804.886823452537,613.826552567735
GENE701,404.514666992617,609.884258138546,468.927317221441,467.686773675664
GENE702,561.892909584157,617.15749918875,495.485760711551,573.825409690022
GENE703,568.425223395236,472.79938143443,557.692156107978,399.087108388776
GENE704,479.688041597028,526.209629188695,587.494739588428,708.426968142761
GENE705,352.851465011249,752.455985603044,415.595394115835,677.787044767991
GENE706,662.463905747759,761.345229915185,537.876676712654,537.459368256962
GENE707,527.736926615248,681.218093000546,645.531816297202,504.062913486285
GENE708,901.614931675289,448.422397832274,527.895395458722,708.401410668171
GENE709,376.504215168903,413.631505954997,600.484302272395,440.398666869964
GENE710,341.811886669104,573.514699248004,465.425158207677,656.277972103271
GENE711,874.728197586733,648.993273568194,480.970512963302,577.371546104646
GENE712,429.621759512337,551.581857192357,661.132730608526,455.404912822076
GENE713,897.843372682152,493.909247057182,470.194478885981,761.237247569667
GENE714,539.16029580213,620.453289244955,478.636415236825,455.057447604676
GENE715,645.662384402897,577.113016307876,531.428611499104,816.825975143558
GENE716,406.656050118014,450.070142994022,767.196642888469,513.264125385715
GENE717,703.246648669583,643.60467120089,606.924108473682,524.452685567199
GENE718,833.901485600891,649.487515522075,491.99272158122,688.174851916256
GENE719,279.805445533332,628.765066078379,452.20337715094,584.1624218836
GENE720,575.271634299442,555.750371471225,599.874760655096,695.578154983341
GENE721,640.692266638005,671.174964096489,488.543289945655,579.218556378959
GENE722,408.004956749002,537.380179308779,473.141252542258,542.861749730663
GENE723,610.643324828584,536.832914919111,637.677097080919,637.339036130875
GENE724,709.189066925636,698.266797598822,700.609563433231,574.856710935307
GENE725,474.562483005355,430.567703963403,665.959217043911,584.783649677451
GENE726,347.562754100335,576.049502930463,690.351599548688,325.867437347139
GENE727,641.600729407529,469.09528785879,256.471462722373,439.361919610604
GENE728,938.895540325612,464.734596869673,558.978153657445,374.594266418498
GENE729,571.369416283096,364.895840997173,450.317095207533,269.910076809608
GENE730,602.569955319993,488.08712161198,603.610939796375,470.305236225544
GENE731,612.888122712067,508.294709948157,538.513823605816,575.893621048801
GENE732,570.053388639187,562.416097853254,564.006373712764,683.892367364993
GENE733,513.187626315031,474.186018974772,728.354965622604,385.996446331146
GENE734,735.034555108953,568.727343278127,531.615508153011,447.586271608198
GENE735,616.464882533412,539.960016234675,607.540557818563,646.683838404255
GENE736,773.149272786512,542.601109682549,565.580037142822,739.268167003657
GENE737,657.830016755167,435.373921209428,480.708224009686,762.624903551737
GENE738,512.330495062643,379.460406697999,594.165688926494,376.846169922379
GENE739,407.822315134502,613.178954031754,780.51991129004,630.673231161436
GENE740,396.071664220851,289.507964665974,782.437651708939,356.321790231949
GENE741,450.520029025636,714.891446934169,597.855725451238,958.574717673331
GENE742,639.761770974812,510.396469494277,545.35308613007,808.216168982077
GENE743,533.568188568494,583.364301521864,386.417440437817,458.561897532627
GENE744,646.325101120471,542.10428913998,599.973849720474,428.43608343635
GENE745,552.471568538478,543.21395566563,451.822325814745,395.695485492998
GENE746,422.757170458357,426.712702899189,654.490250452217,643.665689511713
GENE747,780.062229320922,488.847697621832,629.655398969752,687.230352230489
GENE748,313.352454180866,616.312526270607,392.048573387979,510.003190803556
GENE749,372.682400790386,629.217440950896,571.960724095533,345.721038482213
GENE750,477.407515859555,601.078672785622,355.42074699502,585.665678850932
GENE751,445.072078194737,672.417705575346,661.198146897191,440.263796765623
GENE752,604.107154734824,522.992777591039,390.237380365431,621.689768178156
GENE753,483.248665798191,571.468081722444,488.135480579945,795.648197984647
GENE754,688.141589853372,731.65694889657,646.444036185121,667.635987962147
GENE755,646.850833870798,612.906490463737,386.217779476517,652.985696901522
GENE756,367.522524470269,401.336040381005,299.35964484899,376.394984685864
GENE757,544.623205988807,407.275965963597,501.108519031896,652.857725547298
GENE758,526.80232010978,585.613025387855,478.799703322046,562.822104996092
GENE759,499.930577120308,501.58920762201,518.407670061804,612.719953958737
GENE760,660.222157721528,497.919709925205,440.589995334167,223.677262773729
GENE761,697.770507700838,705.069350862532,457.232039271349,559.103272502654
GENE762,338.450143912624,576.459063961492,626.821028267834,557.711945559681
GENE763,559.747475093043,629.767957397715,570.667841531662,525.398986834091
GENE764,505.943573757727,395.588472030927,783.33691656515,575.236587596364
GENE765,524.813885601605,819.877163857601,537.386563088044,573.641396500218
GENE766,614.65878273352,632.873631424098,449.322501007685,988.968341288637
GENE767,492.511433048898,558.699810025312,564.740137391668,505.62973801608
GENE768,580.234779255955,621.483331879785,671.655551548812,590.108579280268
GENE769,567.401841707484,680.197054104397,393.641757461536,746.830507080434
GENE770,255.993545995787,505.917253982468,471.898909554362,671.252764301943
GENE771,284.59787814274,298.956744964792,342.924434153997,488.083359876957
GENE772,391.72519228057,647.67534515413,296.299669844068,485.721827358245
GENE773,615.998944203322,594.914251537408,644.944113073239,508.166988905493
GENE774,601.688119820798,500.947201378755,444.247207121223,826.791284386058
GENE775,632.854670814757,593.900369091868,658.923324897498,665.810478438087
GENE776,810.693051582241,605.525237138799,341.536090450001,839.386252713281
GENE777,630.249219539266,584.593081711072,411.120053528371,485.644054387434
GENE778,804.188519429065,588.449704595222,654.067979639553,471.041699923394
GENE779,464.468796631206,428.331308780096,708.712542693998,370.402577932169
GENE780,509.674906618598,522.981027297013,561.62360700956,663.98632537698
GENE781,506.232998895621,597.58262612698,647.033924404068,714.255594449664
GENE782,369.192898588205,629.727099243342,602.480044924141,579.583906138343
GENE783,574.347331820252,627.383351539891,781.273836612964,469.854884047822
GENE784,800.261856849606,366.429181776544,724.251006963119,622.940597023931
GENE785,521.05963950556,367.211821880505,434.077673869265,475.640449285947
GENE786,412.608919806911,576.897105452224,534.569505119312,507.769177731729
GENE787,409.801326208746,220.835617611221,598.532992606946,443.707057103836
GENE788,493.484617190688,520.676210188149,643.343674338546,303.578870677034
GENE789,505.403230594182,829.129158882302,654.267114436974,861.02887735604
GENE790,283.645223473274,637.39935025426,788.175175210338,810.440075278157
GENE791,540.67336957055,470.34987980617,409.272210540868,362.676663608467
GENE792,502.346987473678,300.438140682847,530.107332476623,614.754828871413
GENE793,661.076053291323,580.460340393274,569.671942112706,679.242369037981
GENE794,381.44540832848,611.443701498161,473.846430497782,385.83484221664
GENE795,440.206196121292,376.002237276668,481.443255936623,551.088696612315
GENE796,648.554390474201,466.252330996743,517.143547116357,514.471973984099
GENE797,531.748806737526,471.252803494257,422.397531768168,459.935730690423
GENE798,631.77374104323,403.095389213701,552.840873621001,404.046947093815
GENE799,534.322993295017,747.414143893505,412.011343204028,647.799628990931
GENE800,662.17871898249,439.166520946397,808.111359727602,696.110721458628
GENE801,603.261507455578,293.767854782525,613.923651665997,496.632313930546
GENE802,564.549663855487,486.704613666699,330.115894610238,484.958390046152
GENE803,378.481697801609,447.049476993852,515.323779846392,409.112295696829
GENE804,424.601503102154,473.318990133819,480.901548984971,405.609194504906
GENE805,683.074349472579,621.371414832188,358.866302890418,513.280276543597
GENE806,498.392284808948,632.121674618215,419.135442198543,521.32942680748
GENE807,640.003787756125,615.715553208897,920.955740888739,499.831736038663
GENE808,484.384070241905,719.870400181689,726.976757752462,700.449812679626
GENE809,680.911643046626,441.038846603411,384.158518430252,620.693278807821
GENE810,700.081030225598,238.171445524022,614.595653533197,560.033875195266
GENE811,644.843208812367,233.824868578718,704.403548096656,418.517248414284
GENE812,534.628076756007,476.162613514091,398.745534903984,489.711861228881
GENE813,784.090829475768,554.243345471901,455.280701365551,822.092290382733
GENE814,573.98354275147,698.323564143691,606.360836886087,644.817432547208
GENE815,581.740266784346,507.733817623008,409.94520724317,664.444180620824
GENE816,587.972665626634,491.437088714375,466.037009941568,615.213600751725
GENE817,541.47495908683,704.779666717635,618.516587353914,662.867112015376
GENE818,393.133681130791,551.936490768158,699.297847783993,766.079209228955
GENE819,427.72382295397,491.239609768479,538.581732024837,363.477401163614
GENE820,522.322586287711,433.448788669007,670.984790845257,473.376350633902
GENE821,447.298128336724,232.458335239021,353.178709068014,489.047630391196
GENE822,365.985985387038,201.238282278044,503.018138731185,551.18946976959
GENE823,788.417276907061,545.41654084163,638.744577143067,382.289079315337
GENE824,676.547183783762,504.731300613368,488.823771898305,424.915597314168
GENE825,562.784706012769,384.030457745858,467.439284749792,421.646378674831
GENE826,772.79055347334,551.878512263172,616.978743064456,516.381916932355
GENE827,653.148209675836,344.650741164756,565.314271623005,716.082729666833
GENE828,732.797543990347,694.785537456859,546.174232669429,170.61753735789
GENE829,551.073787094354,624.121032509529,857.184057899485,616.679435992763
GENE830,229.193387714806,305.856970579591,553.536637162486,552.454952587885
GENE831,637.325059337437,600.209489301209,588.46529008642,590.241855925672
GENE832,605.419846568165,629.995025539904,282.589550258852,605.618551710768
GENE833,560.878139311545,838.912656821489,346.846576604625,482.28193754803
GENE834,570.989945853226,619.768711355472,603.801199167129,273.805347754061
GENE835,506.787686941095,522.542673750143,349.822150614591,742.45472272089
GENE836,532.379142400787,659.374926247329,296.860030920805,479.193582242533
GENE837,284.465245068133,660.299123169948,617.593800569249,776.751664629146
GENE838,449.470915720571,592.357546610582,411.005829841694,717.118644671605
GENE839,498.29290244494,409.039112506339,794.94341180593,443.875087755259
GENE840,794.329206802238,401.589528530569,818.90588090114,528.540603052072
GENE841,473.037631611134,744.311843185827,632.857278640927,258.237476773864
GENE842,467.276968087251,606.045952314279,475.54198953378,596.569361899416
GENE843,609.327971728883,518.67587943586,288.870054068998,435.648080878524
GENE844,737.648155927929,577.574470788886,568.388330774267,496.470996318291
GENE845,329.093172873553,581.138696283078,605.311233766717,529.217767459298
GENE846,827.554554015286,485.646764346554,426.734982551116,450.56177700799
GENE847,471.927811960824,535.997715003622,674.318967781618,586.257083695378
GENE848,518.761631695795,488.133169450647,550.779366642681,454.221609943541
GENE849,573.956275965826,681.325030805797,611.331360258605,421.892828907763
GENE850,568.803461312781,445.889900625916,644.26644786461,591.855728938097
GENE851,697.212532378189,619.064135673411,623.913679950778,541.313827165099
GENE852,580.548505877504,261.253224562425,575.120531439207,518.25238955347
GENE853,584.863954216825,733.083098453838,552.660440595641,676.87662414251
GENE854,479.812086726192,599.022939127043,299.677949904491,648.325409059297
GENE855,566.510658806152,506.597905451166,470.36574889038,1037.43417262517
GENE856,626.37559874426,386.605758525948,710.242294125449,718.399914437242
GENE857,596.481560185602,554.356451894767,568.723404669338,543.413347926726
GENE858,693.423429411197,422.442321295463,630.921638907895,609.936765398299
GENE859,541.441968629092,729.078811877321,647.246432448842,563.648173049503
GENE860,289.175994450082,404.769183926438,637.784320969744,757.504719703144
GENE861,572.556421140432,638.290241510563,679.310520797942,647.211055743301
GENE862,578.490425298185,768.292387044635,571.218887868612,365.293540527181
GENE863,402.727401045866,465.285118402411,851.964138634884,862.858690324498
GENE864,598.412774517454,521.312802918995,645.308236108493,525.639223773429
GENE865,468.233286760005,561.226612819387,629.24867820053,379.813707581924
GENE866,653.884739028247,731.635086392511,713.278902187979,494.048134603112
GENE867,676.998959949796,596.188764013836,844.758676223602,654.854273414715
GENE868,678.394772702685,688.677630897388,595.35471677533,573.970520244111
GENE869,654.875658870849,410.593504240785,380.476942085583,447.344134699833
GENE870,814.194900997825,575.950470444597,768.545980489886,217.481406390155
GENE871,497.054489823671,711.83988997261,541.850840647031,621.040157561904
GENE872,275.791965925521,630.07797194503,893.209107619058,464.625879468149
GENE873,705.230783915784,376.094897006142,571.50193003389,490.729208956164
GENE874,729.180340140157,569.133264030024,480.743621086198,261.536005258003
GENE875,448.973471454769,530.805323944261,630.700293503195,648.013169572172
GENE876,659.459509764227,672.997824740892,524.30327965258,774.863727343923
GENE877,598.297996755376,462.277329343882,703.916622637072,528.228115120753
GENE878,891.831549237982,397.418071617914,573.560913330825,778.959400000625
GENE879,618.207985639706,796.732444224017,620.129638711138,596.876273019266
GENE880,479.304823683982,717.765773070473,547.114578208144,844.87829170776
GENE881,593.506320264711,446.356917001309,587.782224619177,549.371868673205
GENE882,664.823436716094,605.933345620546,828.237173793422,681.929606071314
GENE883,660.990874706808,566.188551166216,727.911085120734,368.191397124375
GENE884,379.869929253461,645.176479187118,672.783579540705,494.080010568463
GENE885,553.439887489122,469.724022486972,573.608551285505,712.382429468328
GENE886,639.355283435414,759.337739234971,582.39150964364,261.099873153215
GENE887,725.866089709525,666.286444375806,623.682682517812,355.45340255448
GENE888,486.739253323264,750.473133012092,632.739703394112,603.675723869787
GENE889,347.77716041081,566.471870907488,527.711907831832,717.957431620402
GENE890,552.08793905818,360.871220583909,543.023013534725,580.636465558352
GENE891,636.549361619394,626.009817155301,580.025100964479,726.951207127934
GENE892,831.122242370668,680.596538206787,706.906562667,693.232413256231
GENE893,559.87401975659,760.900104969484,419.672388205556,524.887183392206
GENE894,637.762129580637,502.31458038764,381.225901701377,446.182021814786
GENE895,974.293380529468,540.08735427499,493.351928021555,560.470133022651
GENE896,651.863288470704,715.541562108066,535.758061789947,626.119967467488
GENE897,404.986018705861,474.323462138179,565.072968465171,460.217111591236
GENE898,557.131277940254,548.871865674684,444.535256127882,400.5205552956
GENE899,530.634267784766,619.834948236506,716.676133973943,734.171336514569
GENE900,633.601867541296,540.815499549738,892.627277913117,482.225493495594
GENE901,778.199571902538,415.045099289646,745.406418018006,546.793461508663
GENE902,1024.95940374309,582.601288835056,540.992949586125,620.573421202509
GENE903,508.730242546243,660.450128670907,498.758721099224,504.769493261999
GENE904,561.100050153055,708.939940724726,326.438799006589,197.751940304155
GENE905,507.467817716602,588.762160536273,606.675538365206,502.514015287823
GENE906,366.651425807829,546.764323277002,572.835718012043,627.971083966571
GENE907,552.663361317868,828.246915051898,540.861811874372,559.690771604944
GENE908,544.105796705651,385.402228821255,517.983345218344,780.733112626085
GENE909,442.678975595999,636.169781635628,659.483544242319,475.890326123194
GENE910,459.098049819022,826.094212560732,637.969896208563,602.199741097164
GENE911,373.427387361892,406.734227486497,772.682848943087,533.886701578493
GENE912,538.099848215686,381.332899575481,835.675802235196,619.898608269991
GENE913,404.739877621269,637.170620588503,604.41823734809,266.391512421783
GENE914,305.315922373853,576.798882025014,570.920683846335,649.208402921
GENE915,392.926825942336,786.49650075378,817.378103953035,525.416903059393
GENE916,546.030861526845,355.756579351835,538.549332458509,333.50228267739
GENE917,518.184021922309,457.24755341793,565.597680746654,541.56161769999
GENE918,581.886944889046,441.627089204964,835.869489299209,651.291683090171
GENE919,287.228962365576,507.580809360356,410.109484639533,637.448119084728
GENE920,516.110564503357,543.019622285458,617.734291878035,479.931342344549
GENE921,577.735917720774,474.296233795429,539.05180545451,612.038905605025
GENE922,472.756159738038,446.3523244588,458.234599367355,539.348882400941
GENE923,672.066942517336,395.243383789235,417.883804511375,238.444595227442
GENE924,488.812418581084,466.123245255205,766.172587725848,669.975347541319
GENE925,677.639760771451,534.875412333262,473.735763469986,541.606430307713
GENE926,365.221725628903,620.859007297646,398.972478292296,581.677194957017
GENE927,719.553381839757,751.79916195755,520.882969739685,427.091169285619
GENE928,821.62060613875,797.801282315138,501.956009783074,594.145517609343
GENE929,520.405890694286,682.746024938927,509.006650053745,721.239922704871
GENE930,423.739151474959,691.554780406921,405.248227934429,773.550345096523
GENE931,473.905034730836,543.527414627267,636.817255359837,391.826309295765
GENE932,466.718002857509,318.019816108435,411.032692068119,530.502048097554
GENE933,572.054090486855,621.696297112762,560.759024583373,492.311449754144
GENE934,312.8697970248,851.404034547332,444.105446604636,560.702673613975
GENE935,565.198310838888,632.01411313752,617.33914412403,349.80412295098
GENE936,394.784685924654,467.769212786235,738.207581039367,590.428300730725
GENE937,369.00711549157,328.328466042114,558.1341416802,313.675134726728
GENE938,624.141879644578,371.101084858775,610.014103291566,537.230793886404
GENE939,541.519782694175,537.123092452328,693.927096007997,473.63194138964
GENE940,423.836450549342,721.021923163414,583.030523338083,801.86374566565
GENE941,605.8921642022,401.597760786166,669.774786391553,244.50943000858
GENE942,463.795536282555,947.976537802097,412.085149639599,482.766679001308
GENE943,245.661859458075,184.117410341207,497.986452708954,650.68818364999
GENE944,561.611594071944,484.661494290285,374.184407348745,600.256417615515
GENE945,681.600092165969,563.445681447814,562.558283310488,699.610361370895
GENE946,529.98130937721,528.802336591862,534.565353730939,602.563150167869
GENE947,477.330046117213,766.997021059741,757.832415595739,644.750038277197
GENE948,613.970172270208,673.933015078399,504.01635458456,361.251116291728
GENE949,777.141575121404,272.191250710153,748.475018152188,421.431891711112
GENE950,478.058646584994,497.057200624266,528.112792563819,551.774415702309
GENE951,531.232653599772,686.411559127528,689.779923465934,576.867667545567
GENE952,370.58122034272,567.880998316401,476.576781931445,471.896507489593
GENE953,821.794503690829,701.276968465419,483.79779386809,428.5193597452
GENE954,584.167915677774,500.706700493358,461.03531911487,457.968365515711
GENE955,618.655291061385,362.645488064882,594.543389483998,589.648720027463
GENE956,725.322421851815,504.477496267388,551.777096121935,543.088404729035
GENE957,680.680280104671,395.793165918718,578.782511389625,438.426563372508
GENE958,395.584543980375,485.667749360741,596.434425244655,678.652920470267
GENE959,469.026055196856,551.103169487579,624.343180105852,562.030386305595
GENE960,589.242423839303,317.838642718059,506.304361105918,563.050560244458
GENE961,477.796176954306,549.924661574202,546.555601637947,724.674580917604
GENE962,567.577401535208,606.999912662931,546.415438697967,474.71420870968
GENE963,633.351944902553,671.560599435026,365.365143145719,705.08749228627
GENE964,597.271090188778,563.036625790526,690.933703549652,692.628003777631
GENE965,454.170325754274,589.303195636882,660.289830702488,474.141524444238
GENE966,623.237660740215,651.656457406054,606.6446605676,300.667694424499
GENE967,836.307816995655,574.478531898563,722.146535343309,453.065889284463
GENE968,394.620482381551,401.640259655654,556.23254061486,887.677515174402
GENE969,513.352542951506,544.833563979977,436.892590199694,592.328985626505
GENE970,550.196427488754,505.875511013715,725.651465164433,709.06586233608
GENE971,437.760214687636,548.66474678156,631.649925200397,524.863982824015
GENE972,806.926029695759,482.588848894649,780.687434559029,651.728153752917
GENE973,678.586049764083,710.614998983124,745.32885013613,574.886481102865
GENE974,535.790449876463,714.621243120354,511.007158168957,413.892819472664
GENE975,521.500352816477,530.116182858791,546.769988969526,780.092056285113
GENE976,529.492102589481,526.399706300769,742.937994312077,521.405324444441
GENE977,303.720276900277,541.827934138018,638.037564044994,834.034198685284
GENE978,410.258973048133,567.415571732416,649.3036793948,726.96967043655
GENE979,457.648854189206,657.889650218731,661.078291069761,603.965709526539
GENE980,517.063396668733,486.951386304607,538.592510894884,550.514436014684
GENE981,801.926411683001,595.055925675012,358.668829584972,443.999795004989
GENE982,465.513857213421,590.829675026476,646.113389632102,454.237809368845
GENE983,514.124306112215,676.30159207954,702.894373875369,431.925967148734
GENE984,604.89475157214,677.753135558814,555.97064700415,603.334333652382
GENE985,411.96124615583,504.794807240807,389.558066290266,433.715927144573
GENE986,614.374472118544,555.07479775367,402.022855545116,744.534874030539
GENE987,666.273042506066,594.502776317556,689.327958517678,618.535247389276
GENE988,350.798965411467,652.927854954299,534.269446412494,613.513420507751
GENE989,513.157744930755,478.159195522475,505.574995844491,567.828008164962
GENE990,516.064044842489,806.826572476724,605.461217867779,496.812607522548
GENE991,463.98384035959,654.826961962474,474.882979502098,785.060462056103
GENE992,509.770888419491,695.600630252213,562.666347320124,483.94085129736
GENE993,522.004463471291,760.722050062234,551.485885956664,617.942150399068
GENE994,643.833225838872,766.038507098017,727.139782287576,512.046140469033
GENE995,288.703029825335,572.127181286817,546.325943828272,254.311717021413
GENE996,515.424095437392,755.567814022782,667.946597243553,648.890805326762
GENE997,752.048970173632,324.195647532949,552.397939308544,383.133609765933
GENE998,647.095328456581,483.116358306721,513.319072890627,594.35906244795
GENE999,605.650868848823,550.463243430817,456.723403906086,458.902957672785
GENE1000,797.90387603664,719.766663073928,656.566905212513,437.747029184512
