Genes,C1_a,C1_b,C1_c,C1_d
GENE1,970.872247042363,624.64495052329,955.90222801438,699.729228243541
GENE2,598.399316722415,550.820565630638,531.650086197915,701.262761644921
GENE3,658.149420340018,656.802697271781,1105.88505191291,626.884335165557
GENE4,720.180153086055,661.46541383976,602.228180243706,502.497393288234
GENE5,702.346855251785,653.730466450667,753.931971790445,883.786324132921
GENE6,775.25738362825,1169.91816882496,371.031856899647,595.061790628638
GENE7,810.87623266969,827.485499051153,597.990140684797,1000.18321411539
GENE8,316.889831672415,680.620140296885,656.843698690817,550.514638086416
GENE9,511.567648090634,713.148009592673,684.06282343977,630.205510695475
GENE10,1027.47798846543,654.085761247963,794.362689772552,883.541726891324
GENE11,263.273026053958,643.337213897666,553.26089996553,767.947615837293
GENE12,861.222014943832,663.597154224619,410.253497067089,791.416907476992
GENE13,468.240040463711,520.983956068795,763.860085395523,890.420808750156
GENE14,977.391086417789,684.550395811737,564.782305251259,689.411178667013
GENE15,629.236644244624,747.532206169613,748.967099278789,919.007958357618
GENE16,801.396337649149,457.936997608675,382.262460357142,943.433773710182
GENE17,717.573907786951,914.01682848082,687.069844095264,960.885047697109
GENE18,832.114704645442,604.713155015484,632.303966459498,375.473503109844
GENE19,673.872687369795,381.698256137856,639.964432715444,796.922756001458
GENE20,757.366755291438,851.154608759242,609.581469685225,593.879491545124
GENE21,627.744065491051,699.503423723408,763.509842460764,838.095012438253
GENE22,932.284644539031,586.983734685871,503.878867930832,778.734395028462
GENE23,546.712208280198,590.177660327576,696.263941241409,638.544462549507
GENE24,719.17066406185,632.70453505978,766.052140551541,653.29850448083
GENE25,925.399496459646,703.108051928845,983.933094705051,862.207278848941
GENE26,673.574685414193,621.685597196225,564.026301720137,603.138472979667
GENE27,853.615817499483,618.111229862329,867.919646875721,886.995254678999
GENE28,728.359252009563,670.01749289589,526.881230773129,1020.78723770216
GENE29,570.030323560125,438.975225281486,666.932409779157,752.232517707846
GENE30,855.606723993468,653.908372120158,709.240254164175,845.915134077801
GENE31,519.089942924694,743.584984023203,991.18820048884,804.169215247281
GENE32,878.025989535811,821.906736996646,436.96706618002,585.962404653291
GENE33,733.69929286577,495.31806227602,647.284468967916,555.365597405936
GENE34,463.616064097009,655.923472936012,558.41952638234,491.418826518079
GENE35,589.399662677517,599.732292637298,485.970422942702,627.749863687843
GENE36,903.470734055209,850.673893653909,760.131399647405,822.393826419297
GENE37,741.942185716789,380.058906378535,530.310321593611,917.122908547743
GENE38,723.852586536325,548.599040959971,864.478964856756,425.316561497182
GENE39,503.072821645066,620.783849704501,836.025175284391,497.429401686871
GENE40,607.431006905532,843.707507212983,781.835140597296,359.484362374475
GENE41,575.391939023653,1045.59008213637,880.853249146406,601.143782576384
GENE42,584.676315560825,670.677458221071,875.047501435779,794.864686837627
GENE43,686.552368160024,647.070551611113,703.411624336122,630.93827836146
GENE44,652.830422225168,674.934885794392,618.92967762272,1102.38265829854
GENE45,529.685788347855,573.217710023217,439.863101194379,644.181486325025
GENE46,881.228842407342,1064.88730134897,886.341501935589,549.334843548362
GENE47,584.495704635218,704.124643943317,909.800046051209,701.373607111383
GENE48,845.226990885212,575.614484298389,541.285615893445,851.897279176058
GENE49,923.491017867188,805.06079104226,638.094142748186,779.65806554033
GENE50,460.179049459298,704.308653019125,672.853081825104,613.397061759041
GENE51,881.021551449181,669.779976906259,767.353501444666,831.92499086382
GENE52,781.666543672639,761.631703938364,704.299458516135,485.446783658239
GENE53,731.923160295204,808.899724853648,900.415671181534,847.965578858852
GENE54,809.926147323722,608.981580568084,744.143608548917,927.198545328192
GENE55,403.503975779952,580.568937461141,973.632737487762,529.275986631771
GENE56,1111.37213534262,647.139580447765,544.117450693809,847.808422040394
GENE57,749.687145362311,522.51927639546,643.670458716845,514.112495113198
GENE58,688.751726815789,646.80925037177,625.702999708704,884.161064951767
GENE59,776.282687308606,809.424714916769,753.24191494859,831.655071628525
GENE60,750.271160489137,937.022687650583,909.059307500707,808.534916595165
GENE61,738.269516840344,764.832637292611,506.475858820031,685.313462548914
GENE62,640.635504558959,726.686927997651,663.363058405589,779.700433673743
GENE63,628.308138256834,874.565337530616,404.007915925214,845.781989503845
GENE64,735.357702827111,612.301335820413,891.791907135952,874.594967583586
GENE65,428.949635337379,925.92797367767,680.999970369645,787.296746286565
GENE66,825.49244200114,786.408204130588,600.654828855814,888.930504799824
GENE67,789.874577426572,828.020647231152,897.355863150498,612.508612546412
GENE68,656.651684137026,714.734894442529,579.584875882012,884.183384041597
GENE69,774.527980412819,815.05609697431,673.638005682078,517.781279143072
GENE70,1060.06403390429,463.248834178114,935.818369177732,927.082195477268
GENE71,686.644924515887,856.849540242178,650.522299603826,487.681951999679
GENE72,932.320253155665,871.151376004901,743.145221189929,518.077876281928
GENE73,729.799148917791,840.055486519045,1041.85545347582,373.44597643196
GENE74,861.122201935698,766.436475701284,466.353961139772,658.08236248157
GENE75,681.530601014324,526.63090735825,469.362130793844,782.339643854364
GENE76,455.669778401491,621.637885224958,685.820716983382,746.105817705051
GENE77,644.955436779817,926.989441158793,829.642746774162,802.621234537035
GENE78,724.154410542632,727.149917849929,814.382437658688,718.183882365915
GENE79,671.09243214271,517.199993621895,575.038009012188,886.145361185035
GENE80,970.906128030037,614.177129177711,614.234148708868,942.194212492475
GENE81,688.324896739993,689.68284522666,684.790508539626,593.369268135774
GENE82,846.034874817028,680.599454613369,824.652851467189,760.371338049344
GENE83,660.77357212483,697.383791208092,959.890848589509,740.439891975978
GENE84,621.616034100249,310.648390716568,864.455939229359,491.020929285578
GENE85,774.708540751293,852.030087936135,639.416855301125,854.143113473068
GENE86,558.512742777897,490.40867789807,578.674022881591,859.861581040921
GENE87,836.114003110393,801.986690392772,822.285951842228,435.943007864039
GENE88,723.88143283628,810.443040189879,893.392024099307,941.622161252156
GENE89,674.087839282578,711.87768915682,512.193853146324,560.429976618674
GENE90,556.589348077737,720.434940787306,641.291209219439,796.340691657017
GENE91,386.041827464147,570.725376624667,771.835740927106,571.974966764678
GENE92,725.184380147701,476.42991991961,728.749525248706,468.343465559238
GENE93,733.191383567002,577.809411871617,694.021807443418,675.665490043359
GENE94,625.821362605098,637.815906643323,481.815989535223,668.474304682287
GENE95,881.151865216243,1019.86719997321,766.240998706353,711.347209363814
GENE96,798.036683504629,738.346894302981,867.886198537923,802.885855993251
GENE97,881.121324256433,706.683416291151,702.553053775075,636.50036724303
GENE98,513.981989926604,514.140647282589,746.135334524725,761.515527659411
GENE99,731.80544190074,783.93281641474,603.10994758699,770.102479376533
GENE100,1146.56584775645,665.767613886596,1004.06507522621,733.406013645259
GENE101,917.236581417854,418.620098982009,734.560413659893,710.900555587167
GENE102,484.720656285002,792.525987158969,949.818658190877,769.757599128512
GENE103,950.137426180462,961.008300509828,572.578065689785,1060.17522463308
GENE104,694.874372057756,960.647865120168,596.110954291137,484.175262424681
GENE105,513.258889537747,823.105796924318,851.67162931302,737.280433232447
GENE106,678.170575661965,711.258553598605,985.963858482815,752.433056180877
GENE107,884.793488141432,628.631667914541,571.692253694388,887.050578157289
GENE108,590.562565607088,887.428169876494,782.826877661665,602.274820028576
GENE109,567.47081551987,974.311061583268,835.284682382412,708.140439666949
GENE110,676.803658535107,491.185780761346,737.213503790647,858.942678515888
GENE111,681.784204116175,783.172673483478,832.137310595905,699.675449661207
GENE112,694.196206796087,566.215217837068,717.487588135778,594.157293049096
GENE113,581.97604067486,367.837683889017,759.492938460947,500.19662981406
GENE114,757.095292886335,471.184276101773,641.14891474034,796.676620068342
GENE115,752.182809875737,589.033875514463,690.16886124676,968.983665021785
GENE116,906.482859852699,774.409386510394,682.84368481487,912.967021015691
GENE117,862.576110369518,506.589876051229,881.887951581144,700.019154756644
GENE118,771.704684314027,747.791057642107,850.661318440975,768.55378695424
GENE119,412.762786474955,699.963890494992,778.1316856525,880.170670288077
GENE120,919.17740681965,461.672076951479,655.115089112033,704.392915832381
GENE121,871.032186749497,491.190088893099,565.623344196597,769.485867363137
GENE122,815.299508886064,733.655769454747,728.900926329532,660.136471181932
GENE123,761.264047222726,523.968812988533,658.983092710962,551.114107614292
GENE124,411.455646997088,590.068677353256,832.051247487818,880.757245481246
GENE125,673.076232191872,536.411722514506,821.649585398604,539.440602541788
GENE126,682.490635221138,432.682497829114,736.764652469676,809.156287845447
GENE127,1003.94962049677,469.036045229303,673.666797473579,574.734092589644
GENE128,443.786774804484,897.723709899766,469.108525703877,635.769396331624
GENE129,861.410012315145,975.183776128018,729.889356874932,670.43331165592
GENE130,672.665163376519,507.049590144678,680.889506701909,792.668135432991
GENE131,755.255040187599,453.08870080932,621.846041963156,622.078451982013
GENE132,632.683978370089,391.634739207023,1047.48797160016,699.423978688323
GENE133,785.035537106418,602.850304497289,662.046933450032,644.986487305804
GENE134,943.02269547987,923.09749595909,557.73171092269,717.597168407427
GENE135,753.390435206386,858.8083735971,669.844494130855,1002.25196821237
GENE136,529.953113901653,743.747256091351,761.641624472405,821.346394040899
GENE137,511.843630492699,625.532633475518,591.132606053196,733.976541518138
GENE138,604.437655088818,722.656323320301,902.166202664279,691.462995868298
GENE139,799.949831656727,425.664593893867,527.524112883555,664.543927546083
GENE140,658.843187349436,815.514062616762,689.317182752288,749.365687137675
GENE141,466.200810391439,808.534349409819,1120.14942180213,652.305918682729
GENE142,961.265041208837,451.419980108308,900.494389143222,421.695136344099
GENE143,495.991294599978,493.124571737481,610.934137805734,667.552462191239
GENE144,788.420379252639,868.25202449663,775.970991756806,875.594092721602
GENE145,597.454008121936,947.647311373161,718.395869730938,536.337687884835
GENE146,757.114554741119,589.794610235269,689.654807810441,820.283005751455
GENE147,840.868930173777,979.757929610261,593.338760844025,497.22153583476
GENE148,730.881474328267,714.410642951539,854.16077448603,695.364904519864
GENE149,835.219832094325,502.515141133555,969.661451962446,696.345489636342
GENE150,675.058153455917,623.641697967277,651.985979838957,850.172847044311
GENE151,768.41249367747,822.681501076368,687.531288456932,813.932238677513
GENE152,357.648244813155,829.500975926324,658.599867162803,721.417957779247
GENE153,486.51750120039,485.326399608854,421.383078498769,965.652608603481
GENE154,386.780761283584,670.060723889413,968.205901620755,592.557929298836
GENE155,730.25691060911,926.107855966993,756.401391155016,806.195899816588
GENE156,658.834310429624,725.829977475833,626.364087085224,608.86602218136
GENE157,577.585919726047,699.904540276845,645.508369456319,704.034797677273
GENE158,834.588739577653,1013.05316323914,475.693335912568,706.961911603609
GENE159,637.392840436077,762.430531088288,590.092276693943,532.10620427031
GENE160,843.644119602389,684.522916336386,918.317853035631,934.407577487579
GENE161,620.637221390319,899.954276975067,833.324071013562,1018.28192790285
GENE162,666.27965731659,785.962484467988,598.746464898327,909.166255679634
GENE163,710.443549475611,687.882312496349,389.652929121026,727.57987322316
GENE164,455.448043508318,415.05596871145,781.986088200102,735.457319273098
GENE165,785.791712477704,800.921453159167,788.686145243253,986.69618517204
GENE166,385.457889380639,522.86029218449,695.580909668023,938.970370424066
GENE167,595.891944394675,1088.53173616173,789.851971458584,837.38211329317
GENE168,643.268119260255,421.542774972879,503.176424407352,877.184301833918
GENE169,475.824773656643,1031.59612730031,738.991682270434,921.925248934437
GENE170,695.422566607494,757.865719972141,717.725937110256,486.168062693045
GENE171,634.137506113782,342.207560290429,466.920130931325,729.574840191543
GENE172,689.935241671123,852.457270254677,942.070324034109,997.706368422591
GENE173,916.969879321393,756.730948046621,808.264524106056,855.885631250694
GENE174,847.504730846097,568.90442149745,788.14707714559,837.256758373502
GENE175,834.930462253396,525.820042368603,894.771284341488,665.993819316814
GENE176,501.205624758722,730.557518297621,657.885561585189,629.129239898271
GENE177,886.224903859737,690.350442403811,948.569748975839,967.826864785989
GENE178,654.26902952889,737.318925947804,599.875519432119,755.848488954354
GENE179,479.769212678422,849.266276150128,587.249144552146,819.505517867098
GENE180,482.278844124902,489.090040192673,767.881910728077,907.162680378491
GENE181,633.047554764284,761.230460764169,746.025750489652,674.715634265326
GENE182,973.799244422844,555.775783036762,720.995360219652,532.781533808597
GENE183,785.456715516588,519.279205948658,692.345447008064,800.802736698276
GENE184,702.664554765209,875.2404967633,995.047473899966,756.311126602291
GENE185,831.494393471385,455.625390458767,825.314705657211,612.456101454147
GENE186,704.793673506584,337.215193019876,767.974736897141,565.560115903472
GENE187,654.38999782395,794.744892854984,736.293933079703,776.372336122369
GENE188,710.060311477172,716.156476810147,731.170707658697,732.491554031184
GENE189,712.227928206628,674.943747208626,500.026718426852,553.704648176551
GENE190,762.712057386817,566.79511370809,648.439459222565,555.674614201159
GENE191,755.461917547465,841.265113570498,576.271454221396,909.132746069718
GENE192,632.712577418867,713.674146704834,760.867009505179,554.622707626397
GENE193,838.502605627542,770.368352076633,933.149443780057,730.798370151919
GENE194,806.279615142024,762.18874509142,860.898824803993,845.835097853427
GENE195,571.307681754666,672.287527482737,554.401225205948,948.907204267434
GENE196,357.043723583101,704.788268369919,604.925736324492,634.770907935437
GENE197,1021.85762177181,516.304994218106,701.13251771996,547.897815812062
GENE198,666.512300358334,727.530857168925,964.597254501205,353.007217813209
GENE199,294.97159965027,683.817726495088,777.449576581504,966.101154762559
GENE200,544.108400858363,676.069733364063,437.38834454869,770.698602312727
GENE201,703.352806541305,697.724490536035,668.278395459771,603.730820967554
GENE202,645.789468405109,879.463705087732,478.239656696414,702.124104236416
GENE203,741.596283048383,512.820781993421,791.916482802042,649.769298121689
GENE204,819.543512559522,696.507919996007,855.498765459427,551.414590575822
GENE205,530.815315042553,706.537452895979,685.188736505214,793.128638050881
GENE206,592.951343910056,912.039038735308,707.935312249214,874.75003995247
GENE207,600.794130110186,639.542828712203,682.828708435527,599.860268798354
GENE208,515.518641391063,1029.86427552063,703.926114746944,423.613917154093
GENE209,1058.48001653356,679.214623370707,519.987537083714,916.168700238457
GENE210,813.676702855132,714.652342165082,677.204941796269,741.902117342643
GENE211,639.533189775671,577.229688311284,527.171055056607,654.35696871028
GENE212,1039.55058810162,553.904809209535,826.995499373512,679.328868850727
GENE213,809.662791976731,535.051718931139,916.799720295491,675.86401551702
GENE214,626.121942847902,613.814920016473,787.084034037473,970.127278862206
GENE215,799.162018889879,884.871701817483,797.282799239442,706.897741186504
GENE216,627.576648638246,754.787301753103,832.448681270143,698.277903345788
GENE217,613.389334108911,720.809246594364,762.24050080256,722.159181055995
GENE218,777.721875286948,899.615355639589,782.265278879694,672.267442535534
GENE219,756.005937838979,903.491331750518,659.714254501873,562.884321553121
GENE220,693.543982879793,832.545930074047,843.484488933813,737.846497803748
GENE221,893.359462850503,688.100187400203,667.769923849077,582.982801178631
GENE222,780.083509592894,922.44850984499,601.892185355521,245.695000615169
GENE223,581.071391376269,637.052329264862,516.513555693753,857.466239525295
GENE224,735.806114445813,779.995188593801,533.252244499979,525.018218071518
GENE225,891.498679188526,825.350930015876,826.640584538631,603.371479490791
GENE226,713.4411145003,777.057197584304,708.368606302585,1024.09655527619
GENE227,867.346853705213,845.354903006311,814.17070170284,792.327771606651
GENE228,741.78748661917,982.478485338709,809.980521083942,651.562825874874
GENE229,603.762854747756,680.783130522082,820.077022067385,743.162820467832
GENE230,746.339587022089,587.038835239023,974.43324791135,695.421532427408
GENE231,685.64908025665,410.70456306794,726.782880009273,644.250170596351
GENE232,934.463086916044,552.663766198161,625.373205797181,982.122438364482
GENE233,485.422049618315,595.739240795689,942.831892781204,580.235142508831
GENE234,655.019672542536,664.925128061709,711.993320891694,559.910133612126
GENE235,1025.24691916041,865.778694958157,659.716179428816,701.544933548782
GENE236,701.119930544989,629.883149820866,564.304155024341,591.528559862079
GENE237,718.167543968761,699.697114801233,1182.97989632209,771.04253595965
GENE238,686.966810780681,1047.54514405248,554.62926794642,852.255474459483
GENE239,895.286278027938,776.549400069904,818.545793625387,570.155875989802
GENE240,594.62803423044,517.321542878589,530.934814851521,777.81197758423
GENE241,675.566931232761,541.657281356465,612.319795976098,673.568362787133
GENE242,702.353440622582,528.024990481212,907.209674920497,831.371799938941
GENE243,408.53789930998,893.638732141412,866.789905885278,707.585586973541
GENE244,553.427428303061,821.483071994726,781.056940098744,664.953726959117
GENE245,540.106601332561,626.591002694743,770.333926069591,739.800132593051
GENE246,687.586584445098,664.005262724388,746.070594700231,650.729974218159
GENE247,754.737250188028,1245.83319547097,748.322901919394,924.217340627953
GENE248,926.038812937079,468.943801157377,712.240239644518,814.792942430523
GENE249,272.224599284973,435.40521075742,520.601343871243,872.768740256657
GENE250,751.942533817268,644.147752323153,538.415681502845,742.238398591958
GENE251,652.639616644426,542.159067120005,772.638157487224,760.019097032086
GENE252,675.831723978447,642.620346376578,708.146726963501,822.18363586707
GENE253,675.698075978687,786.095826504696,621.886514034118,742.493854858303
GENE254,631.478826699079,624.704172376528,347.335632443736,640.267600515813
GENE255,657.202962109263,681.452739187081,644.116667944936,993.004943254663
GENE256,997.576716679293,967.174586522279,692.781594829881,671.005790528389
GENE257,569.565194825833,737.710499159532,803.933068324737,704.276392785919
GENE258,818.648891960601,804.053849177898,684.764607074218,450.943854818965
GENE259,934.154885572172,708.254194578424,536.254017669608,393.377028468278
GENE260,742.607843734222,953.666647603843,568.533723602192,551.794269347424
GENE261,540.722971273277,697.166145843618,643.710163615959,789.42265040686
GENE262,644.57415501932,814.402242304843,1094.72132418885,781.747837935587
GENE263,706.36904777432,616.714895092899,804.40674371229,711.267180867894
GENE264,912.022707083854,889.71303993813,745.569152346877,842.4281805374
GENE265,506.79467069618,726.260082190658,763.432362068277,632.898506352717
GENE266,598.785808694583,812.251340306569,648.794662822861,590.444423589035
GENE267,639.821169265498,852.436509963648,395.370213196633,743.148458189632
GENE268,951.047816292751,663.015457992887,566.432177643718,1000.24570415777
GENE269,706.212403233899,974.574757500167,976.433448975326,324.619705500906
GENE270,531.355430980364,766.953047941321,587.484465191271,788.143645217474
GENE271,804.573481199265,255.776117314205,839.520074739678,658.395677608357
GENE272,502.172158666864,715.455905441896,769.361254449833,717.213379548399
GENE273,543.462397594282,695.694292473817,512.456203182893,693.312447108727
GENE274,1068.59094636798,518.741451769116,681.325586250886,1050.93089744982
GENE275,713.0937057561,718.214662766913,867.666322388002,841.061203025985
GENE276,669.719960874685,905.172978558667,632.379768896723,849.72526778385
GENE277,897.353124796719,661.889085852372,950.938307463123,779.256356620201
GENE278,719.375477577273,706.041175521007,850.692415408767,565.304840392864
GENE279,771.972585515361,864.449272451519,917.28898510926,528.797825271433
GENE280,721.990624554748,493.612532085473,826.966633337214,684.361305757437
GENE281,550.472848899499,867.358613247178,589.202454379813,464.198964754218
GENE282,661.032284218183,608.256858046192,787.059476303879,735.721106876272
GENE283,745.721299672094,475.800987295073,627.576720100069,881.849381471731
GENE284,805.423008834862,757.88217529678,540.280391563993,679.975708350774
GENE285,524.946132692291,776.461807449161,575.897285703264,460.801067103013
GENE286,722.153648141624,768.693456948028,753.299016868889,789.351465890795
GENE287,573.057131649826,569.537397294089,827.359523303055,855.848743140937
GENE288,878.308422319033,464.716394472902,567.910708154037,710.621000165649
GENE289,621.724561914692,733.835900857843,984.281103369861,640.601114262843
GENE290,516.864916126231,606.187016365877,896.782217079943,624.617340033621
GENE291,745.260988454384,592.937989495438,563.011738506046,704.390109610096
GENE292,833.394102373122,685.93480460535,719.551043410964,600.074410557749
GENE293,985.122206848529,722.150318161761,807.61408677658,955.939892337417
GENE294,597.326344267922,678.293924401535,979.798494231855,467.939101177894
GENE295,593.610422091353,794.29283893956,841.874414016702,701.534655912721
GENE296,565.77895048005,938.827906892902,659.050505826872,680.878437533775
GENE297,513.152716556157,964.225150468866,537.063580791981,530.508625001496
GENE298,599.263001041768,794.585205067895,904.055236905254,698.409185075279
GENE299,616.703072845224,702.038725537392,836.50753566932,586.439572439893
GENE300,520.63401415846,814.142478551664,443.866254788225,689.375496903444
GENE301,824.38851132429,593.39726945815,731.227696700702,910.335071980498
GENE302,438.229549785294,545.679031478512,549.393692809608,758.343434015951
GENE303,693.657012873968,812.526890280425,542.578455149922,523.864435894565
GENE304,888.03274907538,330.42947064056,430.807562055633,632.013176305921
GENE305,725.357935784658,765.63114273316,503.999264568148,401.547585233614
GENE306,559.195676194151,631.696249143726,687.996869273642,739.056127559326
GENE307,657.801697198632,605.458201521681,446.866028571001,666.351238894916
GENE308,799.782137401902,834.488304444139,731.246842685399,318.502578263401
GENE309,1060.54840692984,360.355828873614,806.589645979133,612.172728261794
GENE310,852.675439701853,774.046909164026,752.22180801026,429.255677406453
GENE311,506.426161292131,300.959015714669,666.795476719054,470.925549710083
GENE312,656.646255293811,815.174433097847,802.605456565612,709.309737203155
GENE313,523.797202438062,460.79049329462,933.969830037056,675.357658853689
GENE314,630.839449645273,943.477062832027,519.805215647697,611.888390910937
GENE315,579.926881446929,388.984969595264,674.367603278295,556.827123768067
GENE316,648.318300014798,480.570315974206,934.466989094221,464.450537895066
GENE317,878.773171588461,857.067244009909,1016.47118436722,667.740463916366
GENE318,781.913970728384,733.211646195481,496.35922505304,838.280585727056
GENE319,497.291119568567,540.211342251901,801.2154456131,679.948385777863
GENE320,898.811370716317,525.227038690778,762.607044933694,472.590032991928
GENE321,515.299318142403,986.723282021563,470.696808951378,592.887525112865
GENE322,710.646352118907,764.270691549893,907.488392127062,492.060030692442
GENE323,859.312276978496,733.578383579093,541.474800600652,708.117660477807
GENE324,766.201309701075,815.601467171721,542.835761680068,391.083954223098
GENE325,818.021920939089,537.027424525173,802.65614553569,742.716185355828
GENE326,581.039193657589,571.311261839082,911.22888267453,834.191393964591
GENE327,673.981527142546,866.272817866869,636.130675743717,582.939550463021
GENE328,690.199669361417,642.501255034279,604.183531544344,748.212737600884
GENE329,784.786405399964,779.087234628397,624.276543708734,955.924987273321
GENE330,684.958178776529,570.019777662387,550.900759412457,981.086868831727
GENE331,699.438090697822,671.859596362499,957.268791090222,625.564538351265
GENE332,440.993327498125,871.178769783763,977.501015740125,1085.32765038021
GENE333,752.872827682869,746.854617253739,732.682305440558,820.75668393442
GENE334,736.798803825777,961.048123887557,501.305176942341,600.053481929842
GENE335,510.76529208123,988.543025030225,592.135933338797,794.734702500893
GENE336,888.154935768125,614.128427151057,623.802348239761,441.440899649207
GENE337,727.283177292566,872.45166909291,562.321933330489,364.015791541121
GENE338,576.903921629428,868.606506508912,596.523998325813,733.232577512524
GENE339,670.831185243606,615.782129374099,611.850262902027,681.987291710299
GENE340,696.407539850728,699.310159118132,1025.98284247828,892.500533768732
GENE341,614.624647742353,942.50208433441,854.239628597963,610.943744284392
GENE342,919.557622626852,435.771708339809,702.493644563572,775.58592733872
GENE343,610.685957491785,637.239737978066,853.716499663085,575.344345512588
GENE344,612.315938793832,804.475840218574,986.495422323376,619.956073634124
GENE345,690.815635810435,709.087765683376,373.294569652275,726.195626071091
GENE346,711.718978459248,590.098928282578,556.952678946958,486.217285689816
GENE347,809.6113644408,639.312412446377,964.774940208075,784.9950811899
GENE348,753.542930498606,806.189030965003,579.704703528552,594.764149362074
GENE349,753.894734912289,664.521423258593,458.385370755549,1042.69475383603
GENE350,659.56153473004,713.704576034913,741.340551497652,1109.2630675284
GENE351,881.035266511368,890.970509841601,486.720938226548,845.438767477133
GENE352,742.015375594161,942.279449584683,819.24625233267,677.577072996373
GENE353,488.831378089572,904.081134723951,484.163231052242,806.086492607913
GENE354,745.55323246229,895.584408318629,625.26083385724,644.871173871316
GENE355,561.110393161394,560.030919073755,678.92165103972,600.898715862542
GENE356,506.799934871371,983.613216093257,770.466954723904,802.845899278001
GENE357,580.324580383405,726.680945266577,611.906360091051,873.349528347127
GENE358,635.569101524456,540.43910287779,868.489294021794,609.858204272897
GENE359,753.211401638287,584.681734225858,968.636454864373,855.79365649015
GENE360,801.834528157661,709.273846961958,690.583490502996,604.259383068446
GENE361,883.044039215999,610.514243869696,713.055676862467,551.969920691096
GENE362,517.664194577169,555.323081409578,860.623273927651,658.795680958766
GENE363,728.477817951582,791.091790038899,523.731185667634,976.891564908989
GENE364,705.63546971319,783.863348546389,892.516418940717,939.363472695577
GENE365,592.970108475468,1050.73902113614,714.00238993255,427.527665836444
GENE366,381.91140102376,694.325525627486,469.309112575566,747.888177126428
GENE367,484.205012648535,803.3489965964,694.910211452473,719.382013742934
GENE368,398.122443149875,495.265220634452,504.59533494153,776.551305088359
GENE369,862.389385017958,777.0572252021,596.908163787551,577.138329415295
GENE370,873.026207365386,781.369049086795,657.496275859446,819.792659565461
GENE371,931.49041012998,752.438304319655,1005.08715078156,852.780602350115
GENE372,938.505714599702,921.133076725309,1013.83561013106,575.778139843653
GENE373,551.378059970908,682.42889526975,804.449581614065,674.617123424713
GENE374,539.882458107053,617.551671017024,640.445880239586,619.807951310854
GENE375,722.262433211251,488.361073570597,767.60917718025,664.249196315496
GENE376,593.950582083326,367.577857580533,640.016589562336,818.741275591449
GENE377,677.688793647853,1037.90305560207,787.441581354552,161.723150272538
GENE378,346.174352918702,724.133229970464,423.913241983938,782.985882327075
GENE379,673.823229334082,680.874014683299,806.617176665983,753.862772951913
GENE380,643.799993929412,772.876717734753,651.878812006954,677.246650249476
GENE381,302.2555130939,828.396557775167,624.462742869243,627.886831441232
GENE382,758.219689949852,721.566012280658,776.421502514063,677.704060526732
GENE383,422.812751828639,676.446851671766,584.649427416996,552.886130175413
GENE384,663.892254250776,823.115995886437,695.275796990114,1003.35671508756
GENE385,921.126402140804,732.041195293072,778.128882872035,703.757371545573
GENE386,496.229500891617,805.05288186509,597.271826065376,625.597862100911
GENE387,940.245788398672,735.8193024234,578.299872788947,686.528681944686
GENE388,864.090030290038,553.219999071536,888.886085489212,595.713508675837
GENE389,814.404972162356,890.206810342396,709.73233845362,563.412718203235
GENE390,1021.97962769975,976.191075158534,742.282907875681,712.371328601135
GENE391,616.078504465486,559.82131358833,751.343192133583,629.077302018031
GENE392,681.670874050758,755.175340816103,571.086619443718,845.111044347203
GENE393,605.794182367909,934.975441703276,599.516283337695,647.745161624104
GENE394,906.952664831121,768.593053095163,805.608462218477,681.319229272674
GENE395,331.559242605185,393.519373583211,824.381492293352,752.183647286651
GENE396,610.97599400277,504.016662666898,662.575782512596,616.43309566127
GENE397,527.762287284917,833.151085394072,652.691332844065,709.603626948633
GENE398,575.591824213333,724.565712552095,683.400100974169,538.026773732753
GENE399,466.018187812742,785.611422968643,601.197489253395,529.092037142585
GENE400,647.814126742828,489.593495851765,696.270856444715,781.930346053362
GENE401,876.034945349453,881.871666548011,682.222118735935,669.386156883043
GENE402,418.691057859004,905.062999354213,806.165961078229,732.132072678976
GENE403,596.53793885459,888.171671834999,443.408552146659,745.158171083899
GENE404,808.747120358288,759.812860308089,625.475667988504,842.623093773543
GENE405,779.405352524511,785.348166690051,806.872347346204,637.245688298869
GENE406,630.572676957671,770.732466473545,585.292504822981,550.014820521826
GENE407,786.395525116225,786.684052253502,673.877886049392,874.596847136424
GENE408,395.894575075768,640.566272525649,640.647088800624,814.777509117279
GENE409,914.663213571765,720.078861705042,848.50324478325,727.57207888824
GENE410,589.174019408895,450.458001366267,838.825380131637,723.867607596943
GENE411,490.610017810908,516.651017095152,731.370312519952,931.117662158082
GENE412,899.663432377082,852.827576110453,856.54587058841,851.595865034038
GENE413,675.633999872267,586.105316105027,847.739398417822,939.996234449002
GENE414,792.396032567276,489.623893106517,481.829928139291,406.710657218414
GENE415,771.160788976724,797.618012230378,563.016008411935,642.367824102689
GENE416,807.550056274804,403.325103054897,960.137564801058,907.671102424079
GENE417,617.296272715551,489.436631821412,766.720557611411,740.988421337379
GENE418,605.467513103982,680.901046505381,572.587128288169,843.276224811985
GENE419,779.223117240434,853.242746411775,934.68355206097,579.315623089299
GENE420,556.90925389878,702.815803415272,827.25207116211,352.617507057244
GENE421,648.386944559334,447.863076559681,1067.11302902874,404.806001338463
GENE422,634.591201063973,691.172264442783,852.085013769882,627.176589443915
GENE423,539.824764981308,1051.13834746216,651.622168845482,860.745251674105
GENE424,992.615822816588,658.577102811645,695.839548993179,576.655372944594
GENE425,777.705692401614,792.423399461772,232.656717739964,686.544563962235
GENE426,994.635238025076,345.364530171753,980.125481020103,656.572581994782
GENE427,722.684087072945,770.997483651686,561.638283883688,726.491952631234
GENE428,454.605437779222,1030.97194519338,625.149791222799,964.209661062475
GENE429,885.614539623032,709.912284833962,575.20429424557,495.728718509723
GENE430,540.524606600307,515.611937070863,440.203523997399,979.229789163041
GENE431,719.432292109918,342.066516078749,534.315539062373,969.183261831592
GENE432,765.650695028625,543.012402359974,511.775617675124,842.132404836429
GENE433,599.043590902265,847.055630679627,680.159208371903,806.841168201602
GENE434,594.426638467075,547.119418385744,629.083981894753,658.102338532945
GENE435,413.008965529127,582.241692476067,805.203593456823,895.447760979594
GENE436,341.389766748398,446.150612883433,728.162917740011,935.391562683899
GENE437,720.013068615772,777.201612954632,899.184647985591,818.050636733008
GENE438,315.583267929023,517.315122151528,530.357401229021,636.696335154924
GENE439,668.837300517834,732.008115056499,538.880875866214,611.732448824788
GENE440,834.383623273048,518.838106250211,608.854049671843,681.911363848834
GENE441,890.25765474721,854.081947793708,872.209948227603,754.988357219393
GENE442,953.866246163217,548.93388680627,455.414107330886,1051.48650399841
GENE443,995.20044118046,711.293801561042,775.278914370332,527.843333447875
GENE444,837.178112470211,603.669664302311,977.445873420594,677.865881621839
GENE445,671.453486068548,643.593872025099,692.531435181248,768.513207139913
GENE446,588.538696177891,896.83572671009,584.807145550363,924.665820886508
GENE447,714.073946374448,596.598617409199,748.384463156123,479.965845547839
GENE448,633.171849796289,451.449153549041,903.05018690251,666.364128738507
GENE449,715.442170698098,710.505928341966,590.379760792363,696.651787205353
GENE450,406.885630694943,739.196094254331,914.748222646412,918.677343302209
GENE451,725.530856569919,719.884280611278,622.576695822111,515.762238994319
GENE452,833.449057239596,765.663709796225,880.726909989766,580.049247196593
GENE453,876.440248837934,320.992900481289,928.756447219244,721.856493484697
GENE454,1007.88775929905,739.986657825022,773.433881365549,735.697446835442
GENE455,644.400070567328,740.353829152577,600.729311648451,924.193826348621
GENE456,780.655462574542,738.656180679905,615.634491404545,516.943157310863
GENE457,995.723157767919,863.010261189353,790.18543741668,922.00361718593
GENE458,662.308868511113,677.935293468178,510.734783261795,726.368751339906
GENE459,738.762055175924,478.824118322486,961.872342018003,552.285584907699
GENE460,717.605844197201,635.935302747327,464.982030667286,693.631423917062
GENE461,783.660421277041,484.349264684859,608.629723512495,655.028202773793
GENE462,722.789350546336,516.838213584213,772.635148190691,947.168161493275
GENE463,562.16253530095,596.874660184606,685.998039901373,786.938995973198
GENE464,647.594670297448,699.381493375654,903.947376451848,535.950448996557
GENE465,667.162301193838,636.210139605579,862.22044109179,503.003521016803
GENE466,971.64229498099,766.731505112153,755.556232695544,556.900309776579
GENE467,805.342527037289,861.117288206236,840.297399196645,770.712571272863
GENE468,729.845449740164,545.035590019855,656.393935953059,732.701715961828
GENE469,576.283547020284,609.895284694378,767.894096228589,577.41674355618
GENE470,775.983671557218,776.809353060144,566.120051108437,479.418365204368
GENE471,884.775492648568,657.205762978374,512.18434492725,687.164945639489
GENE472,342.962886217786,914.451354104297,684.64165997829,863.863635493978
GENE473,662.454919478855,512.963812442061,782.523643874539,964.805291716693
GENE474,509.722427923516,847.430120994758,614.582937403328,461.583142326485
GENE475,701.065479809947,511.839493107719,752.636909015256,1108.32505756456
GENE476,743.279187070924,583.217250599692,602.495470455817,581.333774341287
GENE477,717.394730723896,547.914075954393,583.717050907187,897.572724671206
GENE478,599.322468868943,602.686506020338,729.291815384963,611.893929564116
GENE479,620.727837332484,399.635403823134,606.557151784121,867.123933586991
GENE480,755.70138601708,443.800005321614,940.429587354405,428.211596817671
GENE481,765.677111206183,826.028195624815,573.943552580645,714.75210736553
GENE482,723.979180966842,460.565405404274,854.324611069432,731.979373281024
GENE483,706.853973020756,870.079423385905,962.1569656494,955.751158662037
GENE484,889.190509717378,745.892868485172,826.710801793173,775.173323099624
GENE485,1138.55244047714,684.456036838632,863.077809347004,990.538310983118
GENE486,737.461013669415,842.287488490575,748.766351272257,594.561931650225
GENE487,466.074072318753,401.257245576557,622.924083094162,372.713255031897
GENE488,239.568673281246,699.027237972231,766.005591518962,856.233494290224
GENE489,750.520952943397,618.208033831447,891.508096955709,490.962631444506
GENE490,637.349326714683,1048.31661743886,755.946478577838,820.619579346418
GENE491,954.314181361167,982.878600639193,494.041766357786,474.164695230015
GENE492,597.782424038142,595.586234127808,217.208652077737,669.322113691589
GENE493,839.418404729787,582.05138658714,438.504469706059,665.480837078263
GENE494,1026.10153142689,675.571951241509,569.183568061152,852.24914581927
GENE495,421.376756489023,1054.1290423944,433.882059912809,854.987810746805
GENE496,517.452541662302,741.262769542077,771.869501790857,681.504760473165
GENE497,776.181812383603,569.763810699818,686.796829743977,628.246756176977
GENE498,619.722425027318,765.516739885282,693.181965816186,564.912702760126
GENE499,385.102401742022,837.920099220424,519.015124449003,860.566552367322
GENE500,865.36607663456,593.592915916421,475.625011174703,735.431167335294
GENE501,616.426855380365,764.716192049505,824.120615687249,775.261359302243
GENE502,741.271989039126,803.91347985557,708.979726984216,562.348510829587
GENE503,788.320726262421,631.151172192986,690.131511840844,646.253627514318
GENE504,676.538708743438,1020.7836735485,673.931941671818,760.281600421892
GENE505,742.756471974284,910.888525278757,578.159395749556,753.210507016848
GENE506,591.16362951345,828.78757591405,884.61053626166,502.40484855287
GENE507,524.399301880837,956.202271694973,772.686830173457,994.758701380032
GENE508,690.800443785236,910.16477835963,505.159705537167,1061.42398343536
GENE509,699.403763201134,801.901751889159,601.011951393195,304.262455635347
GENE510,788.501905982981,813.724575833506,716.144636737381,275.283064572814
GENE511,654.683921643792,312.208393673068,599.731713698681,581.52431444799
GENE512,797.488633908559,583.468200196952,1026.14590057135,538.338455969099
GENE513,927.251065222082,784.732701547853,672.313502836926,905.046365529349
GENE514,469.982900523764,814.237729436217,698.85582472241,662.260224948945
GENE515,721.146229655838,726.090391385092,925.933828504234,1036.2904331555
GENE516,510.695888507506,552.075298765018,856.20430157359,568.583601531213
GENE517,373.270996085665,1004.74300454968,620.707063757873,765.622426924702
GENE518,754.471462520019,719.435914335914,528.79281877727,728.981664897862
GENE519,563.19575554992,748.970626445666,710.528450162892,762.41698706589
GENE520,717.068792181021,851.364856198329,548.149499218155,566.563708593791
GENE521,581.717789952111,865.011873387644,880.640838261699,569.213739881313
GENE522,458.512355811345,657.854949560643,950.766926302496,1000.00754745661
GENE523,900.96493370054,739.440842423616,804.639321858679,886.794609599619
GENE524,358.394077064994,537.380635277095,772.604018145387,452.108335879415
GENE525,451.434485806756,819.967755565315,675.48120474302,821.310158321434
GENE526,684.710913708814,668.481781784713,681.518506744828,394.89227804567
GENE527,645.678215237434,647.329934205416,316.937463018654,682.976035043691
GENE528,727.816558939494,664.460883585467,762.362347354303,465.900392979502
GENE529,944.936687430616,769.392604225966,748.437173640446,768.60759429517
GENE530,627.940958452032,423.517626897934,513.345188034301,628.711747801174
GENE531,839.422852009636,1041.59404204886,691.743314094916,757.401549695774
GENE532,560.838420146476,1071.84642533649,977.643153787595,684.699415856372
GENE533,966.470011270778,863.936554139769,663.595518186929,420.325731765004
GENE534,637.381738602948,622.818373615183,830.040344830187,440.980904207482
GENE535,681.193697660556,602.546082060699,832.780248471492,933.94657026047
GENE536,784.040905938458,881.612117605289,830.272423056492,720.241336255545
GENE537,901.141217189812,940.292408888798,831.487230065263,842.210162829913
GENE538,652.482298953939,771.991055376358,415.479906720827,1017.6755041096
GENE539,563.401748111501,795.249853339504,781.661871681118,1005.27982942703
GENE540,802.398755692708,469.356871748125,864.34395945161,1232.93184556724
GENE541,603.058009010206,699.126972716914,715.699025798682,511.590962574618
GENE542,669.746892625264,877.974179287947,932.881702175129,805.347257652808
GENE543,963.907556260436,532.200792822579,700.460266521831,642.577051847908
GENE544,721.078314378732,513.494194142707,787.996300550456,451.87662337713
GENE545,670.306982163202,790.404157842609,812.78679541682,180.364151632868
GENE546,814.814660400339,729.474319434857,445.943889001294,844.232103288981
GENE547,841.188635667248,643.709910822953,645.105704337918,793.238911548652
GENE548,592.91519695025,849.786834678876,1018.53488446344,620.086193042824
GENE549,586.583797431015,722.817751018036,555.193603340299,493.426234684557
GENE550,612.201369292169,904.648588759616,874.735199070962,669.744677398215
GENE551,884.650683039363,689.50722840068,879.648321832597,950.077907792843
GENE552,806.510728290265,370.022994163629,699.119265173079,654.571544086093
GENE553,664.231000929021,616.896403500139,732.420342953883,765.45554160792
GENE554,651.690850797575,923.316121779024,1002.23593348785,818.660168310855
GENE555,557.36085703142,787.516608517603,460.838256317078,508.745060120212
GENE556,764.240816069064,548.402759557065,579.691650565958,428.535697475107
GENE557,708.759571031592,700.615122378862,604.014615063182,801.965704114331
GENE558,394.657995319312,831.488037937714,440.646097228581,713.51254292389
GENE559,744.539430800238,689.183643121262,832.831819115429,722.169084674555
GENE560,782.383866637817,595.220163486286,437.751225537982,479.389137879943
GENE561,822.039132497931,699.878801005521,876.099034621178,600.978501158627
GENE562,611.891554806114,893.602501882881,805.193818257517,848.428138590524
GENE563,423.404928415532,594.424327209447,875.924074551763,726.095413848769
GENE564,633.498387168398,477.776544810229,799.005744082469,534.077518707945
GENE565,590.01382089914,630.81803463467,558.434010198493,765.017248278657
GENE566,866.052807161184,804.185581874689,973.499270943268,567.876159599983
GENE567,934.471204017204,572.406659809802,742.203598214606,701.827916782647
GENE568,761.548751053071,436.078475525924,843.186274928627,836.656106787777
GENE569,604.520771504401,718.016156436011,957.82487494131,1022.01556402171
GENE570,510.342146796276,517.069108236302,1049.8593092939,694.144405091813
GENE571,583.96465682235,584.063036871041,726.610363396015,715.47138760031
GENE572,839.174374921913,533.060557975369,606.747978111559,491.947491453097
GENE573,808.601829683742,754.160903570253,652.770874806631,780.562105747811
GENE574,806.706108982232,566.757737633683,660.17380007667,596.679449498186
GENE575,647.251198820016,572.987451143771,805.927013685298,474.662073332143
GENE576,574.069038162834,856.232168482747,995.440055969304,585.07291476691
GENE577,711.026172615404,868.779200491351,524.590334116436,678.606321211962
GENE578,341.312045693722,516.884175340725,565.353250035703,540.513172368956
GENE579,742.579540041033,657.204754536036,783.896211215913,505.546282722471
GENE580,657.331518076492,999.363930960443,560.876450384205,513.685301426801
GENE581,281.82053350833,732.329326697072,810.017259637175,365.217070071002
GENE582,522.082155687055,785.009421236358,831.016499346663,356.530571292137
GENE583,993.647165293045,703.784237381683,749.06098705102,494.364431591685
GENE584,1009.72270535932,591.667856604771,609.133343858381,726.800806079416
GENE585,564.203847108093,814.932380484687,561.837457097199,773.841722623297
GENE586,414.856975738587,768.349356466684,698.15784177618,941.832963232435
GENE587,937.863952022867,749.714780941337,714.779069130228,782.546072683612
GENE588,606.66991708776,728.8056069263,1039.65371492793,1059.21418669278
GENE589,770.414068352154,484.350102634073,704.458940986742,635.093463995721
GENE590,755.018399970035,959.965660100217,997.996333878482,815.363003533768
GENE591,900.850783391975,641.815203270078,686.461152763608,585.126736918569
GENE592,552.622666575018,851.718105018491,824.048680753824,604.853817189683
GENE593,756.797264604754,752.490285860278,742.052686320326,808.39797141624
GENE594,469.731175967632,592.328950865348,898.251987168693,842.797844629246
GENE595,768.709781539369,386.340294842604,688.274031350371,680.713399775697
GENE596,771.008695001047,699.982896750014,861.993016784065,609.816003630657
GENE597,905.510920746306,669.29225552682,560.015559893995,537.194388428481
GENE598,845.921586375407,650.851025430662,507.604536253365,886.766233251556
GENE599,1025.23586411639,924.857260941864,709.886110026702,705.270446050079
GENE600,495.339227582339,795.716433136752,647.679650175686,676.239280686401
GENE601,501.204778398848,527.99097638132,1008.60815694643,891.595960047417
GENE602,1006.42722065812,918.516782919334,817.932276150993,672.294243490926
GENE603,489.81348387483,510.618358843439,626.302311057376,785.051938638158
GENE604,649.287227674206,607.024023320892,900.949031774198,813.637361864608
GENE605,755.437148719623,796.382427983746,367.03211556113,873.574592686864
GENE606,710.620241796028,802.955867281653,679.877624092562,1158.85971745955
GENE607,832.26895006488,712.115662861161,825.52786818961,561.32256314433
GENE608,622.548200145975,703.745563827546,627.210847791184,597.095114109022
GENE609,1105.73039016546,1076.63813494399,684.955149905956,742.005804902576
GENE610,755.221568192652,809.740755631943,681.157575660511,931.494643122542
GENE611,718.997603380523,771.238105061631,901.905645856807,301.026661077649
GENE612,589.943823474707,507.248199717934,952.524266230186,666.879123302746
GENE613,957.18417287332,821.24779123808,763.442345930183,835.151130151395
GENE614,963.478509146096,721.799602043664,987.233658477564,771.743870982598
GENE615,661.13039900836,781.048567303282,813.73734021939,639.392106604718
GENE616,664.638319018499,834.290859682248,733.949381350706,433.978415523194
GENE617,436.398705105043,635.114843601482,730.754361877491,803.09312958461
GENE618,772.720814031984,605.243910690723,585.185219773132,733.69624810219
GENE619,649.028308037497,688.535427867871,901.189298833324,718.006457334664
GENE620,493.818489469707,430.054965652526,710.607980049042,592.47002442185
GENE621,850.178565029314,921.419677235495,721.674801972385,655.334858371031
GENE622,1170.82322672915,594.542216839219,729.944755491124,334.637193616262
GENE623,689.111997118061,729.659168175395,776.515803432849,592.654331496838
GENE624,624.212272193346,580.94424622717,1038.93188649537,404.950361552029
GENE625,940.066083599354,757.499667727922,546.99400040811,477.526049722915
GENE626,652.468707267316,749.779351679153,863.796443067864,1039.11906797989
GENE627,501.794908994629,749.800032917912,946.81345263033,757.359726004613
GENE628,453.345709028402,867.585097609869,635.602077978852,724.022558840948
GENE629,517.946627206269,846.679798922422,929.262710035421,703.720216430746
GENE630,505.376259853791,341.748368884014,415.426090704198,739.504606389996
GENE631,843.364852425987,201.054195413112,599.567841954548,457.189276551873
GENE632,769.457512571518,748.291943000048,709.968631880353,818.288498184308
GENE633,662.437305204507,768.040432260474,798.684118346662,505.528654956706
GENE634,535.68212620477,819.502961769911,1065.14451511513,693.814835323513
GENE635,790.719327098931,479.109519631768,495.228361314195,709.341398966147
GENE636,948.191372650815,567.984800348473,599.275299872236,802.480120492759
GENE637,869.432120474826,721.638602999296,738.585018224935,929.896513688495
GENE638,818.008581403127,279.944394611272,812.878900450234,991.034129671207
GENE639,797.376213999767,994.371125942503,494.0742917761,735.883975382061
GENE640,726.476317286032,894.912655433893,556.42120962126,724.651037435274
GENE641,569.228422361173,695.438468578854,356.915696057348,532.723354766002
GENE642,719.693789898504,1082.39321721849,967.582970435639,582.280657846758
GENE643,653.804235963063,707.633709866064,796.582267333113,614.402725785162
GENE644,887.477254491562,690.022884072996,672.415238223785,637.148460707006
GENE645,824.019182050964,790.409247846741,838.348731788625,600.831831051141
GENE646,673.77848594131,635.803409156893,717.079981340361,714.495840184174
GENE647,933.919617717364,786.711241786267,510.735483747744,556.705587122776
GENE648,622.142685027673,834.397980795919,601.640800526528,857.984579260582
GENE649,877.652127862925,664.587662505875,747.256783690036,671.707418929478
GENE650,750.514067480318,614.310084075289,964.15772476269,365.039586828357
GENE651,827.653557432297,875.727003118873,900.104929589694,809.22308084229
GENE652,531.788244909117,479.735788660045,820.363519108677,901.658366381969
GENE653,529.637982814227,497.454750986492,431.616877978914,765.597067708903
GENE654,756.319730295628,924.163611106266,695.09449965144,787.924851157219
GENE655,551.246507385378,753.325076035579,871.785823927265,409.596518776091
GENE656,723.307901406512,688.377718440599,641.156998748443,750.75835876111
GENE657,811.775151692549,643.624909601225,597.695203118469,623.067771153454
GENE658,507.513841005166,291.257019124264,792.770817605408,797.02082676828
GENE659,767.458247202572,504.25991390013,817.13619232186,668.614935872322
GENE660,923.404334285852,786.951534831027,447.838265618897,661.385656722794
GENE661,324.086262613488,627.437095184295,617.152494443873,906.287829012435
GENE662,568.407635091993,571.806882090874,768.535283751107,487.619589858011
GENE663,716.66782382538,585.147888455824,776.984316465261,829.650520360288
GENE664,848.132688090903,384.07396024633,743.761746804868,760.999174000257
GENE665,589.594286642146,649.262012320318,898.130619395815,643.645340108684
GENE666,783.217638855841,963.307372964806,808.954899293584,436.812554676795
GENE667,854.68317675059,549.646883138829,774.596871627434,612.628421499954
GENE668,818.820164762296,941.206140588784,801.241959419896,662.171087604939
GENE669,849.514348544287,588.556320861595,923.845094898643,524.193679325344
GENE670,707.76091052487,730.652440815195,579.243161306054,878.900825185582
GENE671,741.298307599347,713.13432434778,636.424630956649,314.844845867784
GENE672,335.033563906502,654.436730416127,642.186840284611,723.778200215042
GENE673,721.097665071055,807.743196005842,322.928947800961,691.57969158711
GENE674,808.675573029848,456.58075957682,735.601478343539,744.443436207785
GENE675,789.389072168186,746.94099674112,832.643759825125,949.43973430753
GENE676,519.788633784895,661.900030229224,753.69832569456,775.641713231796
GENE677,692.927317840594,548.032424637179,848.530888895093,669.365656359046
GENE678,667.211103276349,735.812772823673,988.543203110483,879.208078000923
GENE679,843.672635065383,939.385999277497,727.169766140903,761.052388002809
GENE680,650.79569981762,480.776806335859,826.930555480134,612.2832751654
GENE681,476.339016699641,658.921915041738,887.42896764619,753.432061089103
GENE682,930.376910277475,736.531422116237,972.633476593539,512.689518281222
GENE683,719.370128577463,752.733968840327,633.955221988953,868.989724852954
GENE684,556.604325495434,341.408954264226,717.877359558798,810.29703078084
GENE685,1068.47608985958,927.923193421536,705.499654245851,803.714612697893
GENE686,774.856068563562,400.220751493068,982.028913983307,734.413222636579
GENE687,629.424898883051,646.153482131933,842.570068672154,749.474877309094
GENE688,664.503506218845,638.213518599539,864.1606495969,771.268119820131
GENE689,585.383786008311,766.242145037034,994.911912888912,628.322277893812
GENE690,769.767141309572,494.904788062505,611.775005781074,1071.40764940485
GENE691,773.104289019919,660.235302400545,620.765708390027,772.155857991819
GENE692,687.050405698928,639.122879697569,1164.07165728889,668.862847251384
GENE693,819.591790421606,649.207326933156,630.326874972544,791.47139161759
GENE694,914.270450197994,721.18543542594,804.093886400779,637.164431846445
GENE695,735.642980494834,633.328635979209,714.529600460064,844.902194952185
GENE696,698.190682133551,528.972062147235,591.378360475133,713.169943562188
GENE697,750.957448642396,640.513122043085,692.993238586289,395.939872167944
GENE698,472.973673267196,1066.71651845496,859.304893764044,878.954200925401
GENE699,655.661216030087,468.948297497347,752.24973047823,1196.43371671628
GENE700,908.71431139973,347.68115997982,380.596000449451,793.297303284563
GENE701,758.227192716318,577.443771392319,775.729937064966,787.888289044964
GENE702,417.546788968551,589.721640816476,518.647748642341,763.413640400022
GENE703,497.541070614556,513.893386756813,598.336982991495,383.182222847164
GENE704,602.313091993888,640.310064657302,565.571654283473,753.323754694983
GENE705,654.671317539081,487.959489256415,1055.39507518303,660.303023563107
GENE706,411.869507536701,727.71733006724,649.394732888598,638.18720333213
GENE707,359.313080564679,1006.43562282745,888.691334885716,706.35274545487
GENE708,541.250111617817,778.661095425259,868.779563056589,667.12349686289
GENE709,364.62237418409,811.151480061779,590.066247570221,702.428518793017
GENE710,311.263037611794,838.183511101188,913.339239557848,502.614539714626
GENE711,711.598207020742,883.721990306248,569.939071511181,742.569186173192
GENE712,937.937951150954,1016.75489719841,614.000576467262,552.851147357974
GENE713,928.7728141633,883.493321225628,794.307788629708,762.811049483374
GENE714,592.232255033665,691.946093440745,453.851125983025,854.28303057729
GENE715,761.872123383221,720.903613035455,1050.84127769504,905.365784121075
GENE716,698.206077446996,748.216503299792,690.711482941251,762.499505776796
GENE717,841.290972550808,737.841139667252,957.048637095571,445.98380846875
GENE718,610.233613541433,696.252593617342,512.406777421221,716.832401539129
GENE719,437.495685206624,869.806060947355,765.219075391886,519.374158188699
GENE720,873.311215473277,554.460506393686,483.093652417988,582.143006035484
GENE721,589.008813665028,775.18909039008,671.858546825487,944.276905550557
GENE722,656.13920706779,678.175334342297,553.571356308454,495.698317313442
GENE723,767.840840527386,665.269306193474,627.016980239045,419.446979112277
GENE724,533.905107064781,489.922591955603,531.841318952104,536.252547531671
GENE725,659.721864807105,768.432600060642,611.093557778024,528.45901366673
GENE726,639.581655432005,566.800226997425,663.274838217452,495.859628972311
GENE727,852.229101994132,928.39212499877,990.564965888936,632.961973377588
GENE728,838.254287736492,530.189370845027,499.235844387926,895.762719530893
GENE729,923.574367101698,750.614068536385,651.082959613528,883.938421840145
GENE730,761.552580372675,756.340033850888,1165.96897124678,770.623311449077
GENE731,699.646841340808,486.858028499514,933.918058924444,420.595552611644
GENE732,574.966755333875,813.283538852828,700.66144569219,733.48817648035
GENE733,717.256938871314,597.338113958694,615.040218095636,451.542377850095
GENE734,720.156651675441,802.114356081145,502.812880543834,667.031364166947
GENE735,712.917326144077,677.931514602258,675.811015011637,716.613757214939
GENE736,753.647305382984,1035.95290273015,624.098758279105,853.239624237074
GENE737,604.215905161119,650.452913813657,789.524288077241,706.770972359577
GENE738,518.005607387259,587.073479376972,445.185551540652,832.329197148662
GENE739,856.994678578056,694.980644114507,961.965244582055,1016.55680005548
GENE740,503.829884124578,975.36111472297,638.531781078102,732.742169865431
GENE741,670.189013081505,410.267723956142,673.917219189324,535.831323292423
GENE742,750.413560322082,767.825875776852,636.00423104295,912.371770884659
GENE743,674.965805256902,937.997974684925,801.5322420042,557.468219701604
GENE744,759.303177951454,458.006078985562,674.383724156706,909.517972810726
GENE745,711.656228898696,876.216490890854,711.871641284198,650.436684410178
GENE746,564.70618318549,537.66949331588,400.781493537542,598.738327331486
GENE747,846.795253162596,538.822856262309,755.185923459674,489.906759927205
GENE748,662.1769287096,598.674873242387,838.374452607928,882.149254702587
GENE749,744.799311823844,913.467443212409,1064.00669752465,980.490563573822
GENE750,712.29010240419,574.356158060802,797.332687234586,572.584582897162
GENE751,705.864920766768,712.512285050465,888.573586179863,876.488999844083
GENE752,891.46561414818,429.490915845898,678.853429350956,952.907678777088
GENE753,1065.59524070643,644.413170077508,847.932748548023,889.012131289834
GENE754,467.621722562889,817.434830564231,498.512493419857,659.218325131164
GENE755,778.177392267474,627.235568115508,812.806385256445,941.718076812325
GENE756,985.859409011006,803.362768242762,672.766456016342,437.643719223932
GENE757,907.027189402721,765.218225227047,866.209912824752,797.845608992982
GENE758,822.336894411243,917.868062191978,573.805413018831,824.024722856736
GENE759,731.803158621983,955.178100572406,652.677192282329,731.63725915928
GENE760,636.785406309204,860.41689554468,450.551398871815,641.923801920547
GENE761,892.398826276861,852.007377791264,918.517092832403,628.178833250159
GENE762,854.505309937211,654.350287103697,756.5842493275,854.851014483936
GENE763,813.34076502606,632.380914395479,656.233054207293,442.734352057748
GENE764,843.409523260141,776.802062702237,503.421709556616,856.103947527173
GENE765,785.300741836547,680.505204170279,661.793675333658,966.259261782777
GENE766,907.801781917119,757.259180196354,611.521006833926,1087.3430828637
GENE767,657.309969722857,663.938297682907,647.7100947695,542.39880405537
GENE768,990.720940912408,747.709800499828,596.058986573756,721.905064658063
GENE769,586.858171776768,692.329788167694,557.906289702576,342.011359001339
GENE770,787.158502114615,910.468514821275,537.920747303874,763.606366307602
GENE771,756.770391488087,648.083069574859,708.909735220083,529.349554288276
GENE772,905.10583065257,584.87523936719,837.436464357565,817.300116842144
GENE773,651.420526728884,458.116798252803,694.447308609948,526.69448775838
GENE774,883.614795945995,351.739604140668,822.98328811242,1040.27401146856
GENE775,869.42373391643,691.785846694448,524.347023588046,660.966853988257
GENE776,619.115704888917,775.333223461025,737.144919000503,680.965450642893
GENE777,860.72056049783,929.469153117361,842.87282212756,805.116598990231
GENE778,667.784679403073,372.541093674325,875.943962542716,739.714942876996
GENE779,706.717580127499,553.461609985332,661.168000078158,798.409359363695
GENE780,797.797352250176,1043.25018392111,780.186867229609,759.386864062732
GENE781,849.869292293903,767.827887370994,692.664801490831,748.991056834539
GENE782,668.571849284775,781.526920090062,687.28515026409,812.646446334315
GENE783,765.887328609483,602.107599002254,658.092059539686,801.906850549268
GENE784,722.854976395198,487.492715169237,690.716307803773,728.797262540603
GENE785,694.639891982695,736.212071106334,708.721325785837,864.192538004599
GENE786,609.138489923947,452.973060586349,629.024854839981,755.299028405684
GENE787,829.714417287238,496.389715788313,794.64538527167,709.767148141064
GENE788,759.254520106587,752.098638501699,824.215977028552,640.253276805842
GENE789,787.83312440686,635.123934246417,670.394717280761,538.969094773905
GENE790,925.287225372823,510.921021753942,777.25668909888,309.170730696416
GENE791,395.758238261416,559.571861466992,553.236527347709,831.922623669977
GENE792,742.931976727298,496.035543147515,611.908101357397,677.05765903249
GENE793,883.912987483234,1027.45917671222,1035.14374834682,782.495548379614
GENE794,640.986228103257,541.142660633803,811.517580402579,689.833241975237
GENE795,538.436846853887,667.810359814708,598.897794356233,445.075795424533
GENE796,654.030943820254,717.135919071002,447.964542790369,926.57836099653
GENE797,698.178685352966,705.880060806517,752.127994710027,891.334798961082
GENE798,1047.54621168132,1038.07698965611,755.22166825377,1033.30936283246
GENE799,875.744491634982,757.11739548604,855.016734713234,514.077719801987
GENE800,579.89710011877,725.369533543424,577.007980785872,986.180849746358
GENE801,892.496587900806,810.183677727131,362.395980521439,659.718706984029
GENE802,726.58707046887,748.683146464092,755.256170714825,528.985330858751
GENE803,985.504442632834,808.914997436415,794.621182743755,655.579348679301
GENE804,561.185150021029,392.495894618476,356.120439816451,832.615097406901
GENE805,643.661073211489,492.796601817051,712.643952253857,365.04272406979
GENE806,788.349597755906,747.429006333581,434.48053464602,696.283680232241
GENE807,745.996048692245,478.619853489389,978.251841582884,626.487136821538
GENE808,751.594421424823,597.025504178093,821.868089472556,540.633113305422
GENE809,854.250432564132,805.111450499313,633.425997506853,739.208487429252
GENE810,807.890381119362,743.846419609197,993.254671926841,666.182616484901
GENE811,803.540434918333,1049.07296831804,606.767537605829,664.286911760723
GENE812,560.833750013776,687.083562469698,830.000209681962,784.778648890918
GENE813,379.533191215714,756.436910575079,974.716447487683,749.083632916979
GENE814,1043.23734981265,652.206861524084,523.820913630399,825.060293134782
GENE815,714.187616936572,543.208083465342,784.158488088525,830.147146484338
GENE816,452.54398157937,849.724647349056,449.070691655963,686.632543170337
GENE817,730.50287004759,793.128769553448,750.02917477384,584.584902962866
GENE818,733.42192234717,617.710212136843,460.354008857691,879.703027540145
GENE819,660.83647052835,720.678556713928,324.390931669201,902.676912665751
GENE820,776.499050416375,400.50709250634,603.851618584876,593.91781679205
GENE821,497.262900204103,724.405450427935,634.265173025361,607.738264847562
GENE822,822.266020693695,607.429369525941,852.304022050523,619.158040682155
GENE823,896.191390842297,640.196187233969,785.781713880632,832.651985561808
GENE824,971.202406688037,880.943595944171,963.346678556983,397.838192075918
GENE825,767.730668174908,689.554307191055,667.20787384247,701.202062793847
GENE826,505.339047007875,782.662914482188,662.104771996399,642.480277315641
GENE827,911.615317279736,808.488881122353,872.089107014478,641.812074750714
GENE828,427.316316341874,596.756381216878,751.012452161679,523.258278456791
GENE829,785.627457062833,478.213936557049,679.940795034413,856.939222134058
GENE830,647.633334009686,1053.08133452827,587.468519728736,532.776758860474
GENE831,798.811266799482,587.262945330924,829.221430767101,893.469557737066
GENE832,720.973974027408,821.52137328532,740.019622314479,634.282524794224
GENE833,998.391739335678,712.617339659824,845.027851462409,715.30014442569
GENE834,761.3613585154,547.702608443672,683.25897343569,437.911557004207
GENE835,640.809176052628,616.032553224011,762.707545275323,1098.32079237283
GENE836,646.927287743612,662.589988933149,870.755450994266,816.48539510169
GENE837,546.907597913709,603.114151623025,718.91315760038,925.767627390235
GENE838,843.50550305729,663.910450033367,417.405850317345,535.543587633088
GENE839,580.210511219443,441.50272436301,967.027047003879,615.360670253613
GENE840,685.884177635851,793.506832647852,824.017081729057,681.854122380195
GENE841,545.568615879767,813.957448476407,701.278392536334,510.788868945313
GENE842,841.526928476212,734.943537288868,552.270918324363,741.005655662724
GENE843,510.466943189962,861.191222515371,557.106344968308,783.983823415632
GENE844,1060.96056877971,819.30212373684,738.523476191984,743.606197162741
GENE845,535.321237470257,631.813184058568,735.02928542159,574.555670463816
GENE846,841.725177899646,485.843891263099,1044.86732757987,885.042972115612
GENE847,758.422643043621,458.652024631784,749.633031567826,487.050091779812
GENE848,635.611573994058,771.276814992956,884.714489202964,564.487368490067
GENE849,493.591307879901,670.934317606649,603.829653036602,966.379848950574
GENE850,808.029044860154,487.568623398371,876.149404355415,822.886288124081
GENE851,706.802295676007,707.935212564644,634.678989441385,673.445653167425
GENE852,696.302693603964,739.521944396454,613.001315060733,436.523466348131
GENE853,1036.40754402055,941.054038041052,874.634989773838,645.701404243457
GENE854,889.081297453386,607.164910247055,722.94025857971,764.35723273159
GENE855,878.020321811516,826.923353710421,904.186991620754,469.586060658663
GENE856,661.391274477968,623.916391367961,733.194428100408,656.510525736083
GENE857,867.566532833192,566.083142279827,717.587162776125,526.855496082807
GENE858,876.805639444687,552.614424719571,633.436413900924,1154.239158102
GENE859,827.008586509341,727.753052780948,1172.97460949934,602.848160578278
GENE860,872.5959371538,571.920146529043,975.442008409869,842.403605240025
GENE861,754.600131664586,640.220756544832,667.246935163518,767.680545780383
GENE862,897.146330446323,614.625415204184,768.42518909529,635.149470395881
GENE863,593.66983571167,603.530168280265,841.57500782671,700.296189793377
GENE864,793.200006156282,731.485104752901,602.717808540671,455.291877606773
GENE865,537.693537474215,870.991887952003,634.842863703916,714.736934227374
GENE866,965.837081969905,720.11871359706,730.001995862659,640.850572486423
GENE867,710.917762660497,826.702052134751,368.451135846363,585.812772149786
GENE868,549.364915925618,777.156965563972,707.911597847302,760.94987268676
GENE869,726.899944321424,745.309151167094,890.362347890806,795.33814848298
GENE870,551.234400792272,854.573987708251,787.857082838903,547.261346192427
GENE871,668.432285394345,607.115300314739,516.830620504909,500.277021684835
GENE872,811.016287672815,866.870447559735,583.278856491684,544.29721246341
GENE873,894.789376028062,759.871498575003,408.161032204336,664.303199517522
GENE874,444.146785774702,1139.67315162578,749.791731336745,702.294893241044
GENE875,727.714094348836,728.486354480522,859.353463898226,680.223142439328
GENE876,635.929357146347,524.257990826282,966.939287894401,547.341424360321
GENE877,833.141253911432,484.482179699492,534.629212914317,559.415266836646
GENE878,432.753875171367,657.934580404529,574.008751961068,871.420753396557
GENE879,562.622524812381,680.714241505129,679.015759969335,723.444847246858
GENE880,828.022326365486,748.326985297613,853.371712147319,789.779878233507
GENE881,770.250248364239,878.956047886961,635.589409351199,491.324839465049
GENE882,505.167733227592,491.026149342526,1044.54533005342,1087.63324298124
GENE883,928.832278710971,1130.54842892464,807.0467672674,556.132948969167
GENE884,578.469670513303,763.309634207756,1071.78001527798,688.956306990734
GENE885,809.500500999376,602.308732373943,322.456220400445,320.313327646438
GENE886,724.788465371611,683.439379742353,859.022126785289,659.959882593144
GENE887,552.300653271493,623.01643186333,746.267285570808,554.090855122284
GENE888,694.109019830398,1103.94481703422,621.613657643454,529.321046246746
GENE889,981.397161463876,775.14854455016,746.10567018372,877.637127624314
GENE890,733.963030111702,680.748167249446,580.942368188012,697.253093661388
GENE891,708.814016433759,795.339352264575,351.881821751744,721.592913989298
GENE892,583.143939130352,658.079357704598,620.21189030373,725.657528914296
GENE893,824.813765109738,1007.64504501444,992.097178793323,644.040238207044
GENE894,686.027170044753,590.737787698276,667.091009610154,549.793092434479
GENE895,795.267545707235,791.210251903735,834.810448871043,887.955240001222
GENE896,895.314384210652,758.634070476613,601.231366687694,735.16829448385
GENE897,1058.33534388362,1056.52289986226,656.17129010659,639.039531781815
GENE898,594.13342500845,1140.29870170624,733.730945741189,728.859961412433
GENE899,607.942680970511,468.005726016728,666.13937197233,685.868509545968
GENE900,685.14663043736,455.635087328577,890.907732514137,823.047957117866
GENE901,451.764554451886,883.645106252776,703.624313125337,623.054743622297
GENE902,698.182285678269,674.121187689018,625.367339203392,927.747419515473
GENE903,690.671022695365,765.055932542498,631.490940859034,737.91383367595
GENE904,748.817232594616,640.345208461827,558.764847035364,479.602795762358
GENE905,597.566735875438,739.418550782283,722.772930810768,560.688696318731
GENE906,722.867628433577,801.962051952956,408.795385135885,929.825046695043
GENE907,607.086983356673,637.482071139371,818.955152039844,846.753913570796
GENE908,656.819099156149,549.842108550655,469.902762446857,632.864016667655
GENE909,1070.06237286255,877.608867946283,732.115229145577,471.284034800159
GENE910,634.490270022643,811.22289434414,742.739803282738,529.358313334834
GENE911,840.180082182763,611.11463898775,669.310130933406,577.032497793607
GENE912,521.17482496237,575.713807934897,669.863287695981,579.875048233452
GENE913,381.984900186285,794.710008545538,598.973219446274,810.331070887117
GENE914,743.749916234041,547.95293836208,618.525736137438,681.396497641279
GENE915,532.310837662554,481.435596843788,480.821407761834,869.112497657452
GENE916,664.888412836281,730.296057218782,747.402480305127,689.074493703011
GENE917,817.329075782099,539.192109648932,855.69395110147,713.292265908581
GENE918,724.782629074174,672.115607505295,595.707830540843,758.241396743309
GENE919,640.707235499315,1058.8333033668,629.782790429393,705.153950456313
GENE920,832.595247235084,875.208129759942,584.453091212399,567.24485875585
GENE921,988.702928880373,609.754682591286,849.625672462015,733.651956983188
GENE922,744.16054744981,450.810120459828,561.463396770822,667.265062663895
GENE923,987.260095286387,904.049082899356,693.929689642503,836.665001219841
GENE924,617.848670146299,649.703610968667,767.016481513707,587.372043071625
GENE925,642.311562695862,521.4252387196,1046.39314340069,852.580324624977
GENE926,1025.2231544058,450.058735463059,499.5180824434,560.256685891075
GENE927,949.434955220646,504.773597329826,742.964886097179,435.731576193245
GENE928,936.151915623719,920.771775126447,801.298979910678,937.5202251997
GENE929,566.673309406913,576.333368403634,583.713970393219,644.042970032688
GENE930,751.361695660465,594.847248759153,911.308360027738,552.891006928767
GENE931,593.733309575043,622.886805125253,706.76087420089,653.996134874031
GENE932,517.773101161188,568.469891061755,664.959304444964,663.896029956858
GENE933,835.235585310856,799.815374612983,797.722689915244,632.998611793821
GENE934,281.64091446024,540.083562755267,564.566964102835,639.056260622881
GENE935,652.866138677953,686.38240882008,691.983691045563,694.066597448148
GENE936,632.582027190636,638.298841066756,593.532976781658,688.965478842578
GENE937,557.068398797215,345.889053493981,333.443444297146,766.035485057698
GENE938,666.320648492328,418.396402167871,632.211604206698,488.733543130552
GENE939,451.555123262687,703.306668151007,532.611795493941,690.158942787879
GENE940,817.877673213486,853.336592484763,541.786274296016,761.64427788194
GENE941,773.67325040846,1011.64996533461,783.392589603606,691.935706850684
GENE942,637.71491650521,583.610147461058,507.361398773085,897.529668593659
GENE943,585.562363972692,677.06027606594,651.137499268429,760.356625037384
GENE944,871.48230400546,682.715421750768,768.287480055279,992.530291677602
GENE945,694.104401826061,451.536243828046,752.158978570153,675.190566374713
GENE946,918.685157369003,738.719459594485,548.64873634823,525.1773650919
GENE947,800.847970723841,691.263597565791,809.573320569078,698.707975240215
GENE948,863.249629133766,651.730434015762,550.657297608557,917.396838700369
GENE949,780.713831409243,735.954779487075,670.706392082833,840.225716069338
GENE950,898.966000947787,705.706563964878,701.516709500069,749.525478064578
GENE951,564.954263598493,848.137637959726,808.656238538362,641.750232118533
GENE952,883.578928421127,553.583560297354,748.332231731108,875.207158632712
GENE953,551.399369328642,305.252467176636,739.219829838908,735.519047039854
GENE954,496.560959414256,507.058639051697,804.1531768998,749.946041578744
GENE955,618.223176099977,982.223484167436,656.350390107308,503.493030897747
GENE956,961.618452190617,951.016894945287,605.001958743261,763.238724598027
GENE957,801.315273221108,888.066795119474,525.506517893379,868.455609267715
GENE958,792.134342334489,608.11833785653,882.414865598643,787.942763167177
GENE959,638.70375335368,492.534627546799,726.137228066549,512.141246306451
GENE960,597.933470326973,557.926825253674,936.206817114498,1021.79104689987
GENE961,746.015520769403,823.763396447393,796.863968348232,782.863423937627
GENE962,686.95607243397,742.689390670346,591.561828431124,404.84351098237
GENE963,564.747932482692,434.209152661203,745.723117308326,920.681318524398
GENE964,807.861142229972,650.76536281251,714.699316355605,632.25827178624
GENE965,692.805940609135,567.094045269213,474.638581549353,656.955724400035
GENE966,675.511226156262,771.368323257233,698.629431892959,804.510510492256
GENE967,985.053187027208,574.003482920469,614.404833585691,576.300404108357
GENE968,891.877924030182,598.961221917561,783.606678018842,562.102700449144
GENE969,520.630153615895,787.612815193391,705.19399783929,746.498088037177
GENE970,910.004245886322,312.481999762924,981.001788300214,706.843770607044
GENE971,508.779360588069,607.679383945136,460.26859927621,793.184967557799
GENE972,692.192841604407,537.37729288689,865.707837067009,789.274877186805
GENE973,662.81091862509,856.5499243788,639.369296428095,944.47335287177
GENE974,700.683749134136,958.860610885759,692.791257917801,887.08007453601
GENE975,475.863559306557,825.425973634631,841.041951574042,498.341216440017
GENE976,602.806690324754,835.3036671207,799.677631502213,811.804165770126
GENE977,750.024108845983,767.161458356069,641.177799166347,777.640660713117
GENE978,796.820909326644,653.338859010573,760.681719322751,684.822847312775
GENE979,720.65133778194,786.469666923727,648.840808717513,908.114506607634
GENE980,682.38192429178,881.135326159585,439.164559566442,850.551376664013
GENE981,787.190857386659,604.507022386288,685.001378100215,572.735064667658
GENE982,688.217631101131,703.66480900109,596.855294286394,826.935015361051
GENE983,742.319704494365,315.469679388654,628.569264182838,775.794834274016
GENE984,821.224717253099,897.80957609117,697.611871659342,474.184800335222
GENE985,1034.92812295567,937.458063286065,601.51108223434,829.651055988714
GENE986,647.463749486068,822.539882095821,581.052891661292,736.394165750282
GENE987,509.074560558758,628.088581032844,676.119808363973,811.803661679505
GENE988,605.569626078501,942.606412014887,894.58042911128,1074.87585427733
GENE989,777.643439762137,787.633116246004,748.988640983697,409.053316838979
GENE990,1010.77837475362,340.827821694105,709.980253843611,318.974388960512
GENE991,741.643530209263,631.982137877691,583.18425564507,730.932552927822
GENE992,840.969950109022,629.719138015356,761.279717910346,710.062539007315
GENE993,631.352725716397,532.461687410397,561.11033403906,978.390170656762
GENE994,736.15456970816,461.781933704691,748.100748756872,753.96038243482
GENE995,824.984250880087,744.723765994767,556.969976272674,765.978071664894
GENE996,502.974796408203,558.760786071084,536.915827717592,535.199229684157
GENE997,369.959605952137,1061.20378792861,715.218819700743,771.555622831144
GENE998,565.110145404723,801.592512170411,622.033960089604,839.105809563233
GENE999,682.657007112426,759.613451153283,467.517321089571,542.273701965237
GENE1000,1021.78320100159,975.701692072235,673.270871773553,940.643998091796
